[
{
  "model": "contenttypes.contenttype",
  "pk": 1,
  "fields": {
    "app_label": "admin",
    "model": "logentry"
  }
},
{
  "model": "contenttypes.contenttype",
  "pk": 2,
  "fields": {
    "app_label": "auth",
    "model": "permission"
  }
},
{
  "model": "contenttypes.contenttype",
  "pk": 3,
  "fields": {
    "app_label": "auth",
    "model": "group"
  }
},
{
  "model": "contenttypes.contenttype",
  "pk": 4,
  "fields": {
    "app_label": "contenttypes",
    "model": "contenttype"
  }
},
{
  "model": "contenttypes.contenttype",
  "pk": 5,
  "fields": {
    "app_label": "sessions",
    "model": "session"
  }
},
{
  "model": "contenttypes.contenttype",
  "pk": 6,
  "fields": {
    "app_label": "security",
    "model": "accessusers"
  }
},
{
  "model": "contenttypes.contenttype",
  "pk": 7,
  "fields": {
    "app_label": "security",
    "model": "dashboard"
  }
},
{
  "model": "contenttypes.contenttype",
  "pk": 8,
  "fields": {
    "app_label": "security",
    "model": "databasebackups"
  }
},
{
  "model": "contenttypes.contenttype",
  "pk": 9,
  "fields": {
    "app_label": "security",
    "model": "moduletype"
  }
},
{
  "model": "contenttypes.contenttype",
  "pk": 10,
  "fields": {
    "app_label": "security",
    "model": "module"
  }
},
{
  "model": "contenttypes.contenttype",
  "pk": 11,
  "fields": {
    "app_label": "security",
    "model": "groupmodule"
  }
},
{
  "model": "contenttypes.contenttype",
  "pk": 12,
  "fields": {
    "app_label": "user",
    "model": "canton"
  }
},
{
  "model": "contenttypes.contenttype",
  "pk": 13,
  "fields": {
    "app_label": "user",
    "model": "country"
  }
},
{
  "model": "contenttypes.contenttype",
  "pk": 14,
  "fields": {
    "app_label": "user",
    "model": "province"
  }
},
{
  "model": "contenttypes.contenttype",
  "pk": 15,
  "fields": {
    "app_label": "user",
    "model": "parish"
  }
},
{
  "model": "contenttypes.contenttype",
  "pk": 16,
  "fields": {
    "app_label": "user",
    "model": "user"
  }
},
{
  "model": "contenttypes.contenttype",
  "pk": 17,
  "fields": {
    "app_label": "homepage",
    "model": "comments"
  }
},
{
  "model": "contenttypes.contenttype",
  "pk": 18,
  "fields": {
    "app_label": "homepage",
    "model": "departments"
  }
},
{
  "model": "contenttypes.contenttype",
  "pk": 19,
  "fields": {
    "app_label": "homepage",
    "model": "freqquestions"
  }
},
{
  "model": "contenttypes.contenttype",
  "pk": 20,
  "fields": {
    "app_label": "homepage",
    "model": "gallery"
  }
},
{
  "model": "contenttypes.contenttype",
  "pk": 21,
  "fields": {
    "app_label": "homepage",
    "model": "mainpage"
  }
},
{
  "model": "contenttypes.contenttype",
  "pk": 22,
  "fields": {
    "app_label": "homepage",
    "model": "news"
  }
},
{
  "model": "contenttypes.contenttype",
  "pk": 23,
  "fields": {
    "app_label": "homepage",
    "model": "qualities"
  }
},
{
  "model": "contenttypes.contenttype",
  "pk": 24,
  "fields": {
    "app_label": "homepage",
    "model": "services"
  }
},
{
  "model": "contenttypes.contenttype",
  "pk": 25,
  "fields": {
    "app_label": "homepage",
    "model": "socialnetworks"
  }
},
{
  "model": "contenttypes.contenttype",
  "pk": 26,
  "fields": {
    "app_label": "homepage",
    "model": "statistics"
  }
},
{
  "model": "contenttypes.contenttype",
  "pk": 27,
  "fields": {
    "app_label": "homepage",
    "model": "team"
  }
},
{
  "model": "contenttypes.contenttype",
  "pk": 28,
  "fields": {
    "app_label": "homepage",
    "model": "testimonials"
  }
},
{
  "model": "contenttypes.contenttype",
  "pk": 29,
  "fields": {
    "app_label": "homepage",
    "model": "videos"
  }
},
{
  "model": "contenttypes.contenttype",
  "pk": 30,
  "fields": {
    "app_label": "homepage",
    "model": "teamsocialnet"
  }
},
{
  "model": "contenttypes.contenttype",
  "pk": 31,
  "fields": {
    "app_label": "crm",
    "model": "datemedical"
  }
},
{
  "model": "contenttypes.contenttype",
  "pk": 32,
  "fields": {
    "app_label": "crm",
    "model": "exam"
  }
},
{
  "model": "contenttypes.contenttype",
  "pk": 33,
  "fields": {
    "app_label": "crm",
    "model": "medicalparameters"
  }
},
{
  "model": "contenttypes.contenttype",
  "pk": 34,
  "fields": {
    "app_label": "crm",
    "model": "datemedicalproducts"
  }
},
{
  "model": "contenttypes.contenttype",
  "pk": 35,
  "fields": {
    "app_label": "crm",
    "model": "datemedicalparameters"
  }
},
{
  "model": "contenttypes.contenttype",
  "pk": 36,
  "fields": {
    "app_label": "crm",
    "model": "datemedicalexam"
  }
},
{
  "model": "contenttypes.contenttype",
  "pk": 37,
  "fields": {
    "app_label": "scm",
    "model": "product"
  }
},
{
  "model": "contenttypes.contenttype",
  "pk": 38,
  "fields": {
    "app_label": "scm",
    "model": "provider"
  }
},
{
  "model": "contenttypes.contenttype",
  "pk": 39,
  "fields": {
    "app_label": "scm",
    "model": "purchase"
  }
},
{
  "model": "contenttypes.contenttype",
  "pk": 40,
  "fields": {
    "app_label": "scm",
    "model": "detpurchase"
  }
},
{
  "model": "contenttypes.contenttype",
  "pk": 41,
  "fields": {
    "app_label": "crm",
    "model": "sale"
  }
},
{
  "model": "contenttypes.contenttype",
  "pk": 42,
  "fields": {
    "app_label": "crm",
    "model": "detsale"
  }
},
{
  "model": "sessions.session",
  "pk": "5fyyo90s8kwgndiwjo3hzyhbbz2zhakg",
  "fields": {
    "session_data": "ZmNkYjYwZjU2Y2ZmNDZmMDlkYTQyN2E5MmFiZmVmYTY0YWQ5NWQ5MTqABJXTAgAAAAAAAH2UKIwNX2F1dGhfdXNlcl9pZJSMATGUjBJfYXV0aF91c2VyX2JhY2tlbmSUjClkamFuZ28uY29udHJpYi5hdXRoLmJhY2tlbmRzLk1vZGVsQmFja2VuZJSMD19hdXRoX3VzZXJfaGFzaJSMKDE0ZDQyNjM0NGMxMzgzZTRiODRhZTBmNGUzMzc0OWI2MjExNDc5YjOUjAVncm91cJSMFWRqYW5nby5kYi5tb2RlbHMuYmFzZZSMDm1vZGVsX3VucGlja2xllJOUjARhdXRolIwFR3JvdXCUhpSFlFKUfZQojAZfc3RhdGWUaAiMCk1vZGVsU3RhdGWUk5QpgZR9lCiMBmFkZGluZ5SJjAJkYpSMB2RlZmF1bHSUdWKMAmlklEsBjARuYW1llIwNQWRtaW5pc3RyYWRvcpSMD19kamFuZ29fdmVyc2lvbpSMBTMuMC4zlHVijARwYXRolIwRL2NsaW5pYy9jcm0vc2FsZS+UjAZtb2R1bGWUaAqMCHNlY3VyaXR5lIwGTW9kdWxllIaUhZRSlH2UKIwGX3N0YXRllGgTKYGUfZQojAxmaWVsZHNfY2FjaGWUfZRoFoloF4wHZGVmYXVsdJR1YowCaWSUSyuMA3VybJSMES9jbGluaWMvY3JtL3NhbGUvlIwEbmFtZZSMBlZlbnRhc5SMDW1vZHVsZXR5cGVfaWSUSwSMC2Rlc2NyaXB0aW9ulIwvUGVybWl0ZSBhZG1pbmlzdHJhciBsYXMgdmVudGFzIGRlIGxvcyBwcm9kdWN0b3OUjARpY29ulIwUZmFzIGZhLXNob3BwaW5nLWNhcnSUjAVpbWFnZZSMAJSMC2lzX3ZlcnRpY2FslIiMCWlzX2FjdGl2ZZSIjAppc192aXNpYmxllIiMD2NvbnRlbnRfdHlwZV9pZJRLKYwPX2RqYW5nb192ZXJzaW9ulIwFMy4wLjOUdWJ1Lg==",
    "expire_date": "2020-10-04T02:39:06.256Z"
  }
},
{
  "model": "security.dashboard",
  "pk": 1,
  "fields": {
    "name": "Pegasus S.A.",
    "system_name": "Pegasus S.A.",
    "image": "",
    "icon": "fas fa-paw",
    "layout": 1,
    "card": "card-primary",
    "navbar": "navbar-dark navbar-primary",
    "brand_logo": "",
    "sidebar": "sidebar-dark-primary"
  }
},
{
  "model": "security.moduletype",
  "pk": 1,
  "fields": {
    "name": "Seguridad",
    "icon": "fas fa-lock",
    "is_active": true
  }
},
{
  "model": "security.moduletype",
  "pk": 2,
  "fields": {
    "name": "Usuarios",
    "icon": "fas fa-users",
    "is_active": true
  }
},
{
  "model": "security.moduletype",
  "pk": 3,
  "fields": {
    "name": "P\u00e1gina Web",
    "icon": "fas fa-house-damage",
    "is_active": true
  }
},
{
  "model": "security.moduletype",
  "pk": 4,
  "fields": {
    "name": "Cl\u00ednica",
    "icon": "fas fa-hospital",
    "is_active": true
  }
},
{
  "model": "security.moduletype",
  "pk": 5,
  "fields": {
    "name": "Ubicaci\u00f3n",
    "icon": "fas fa-street-view",
    "is_active": true
  }
},
{
  "model": "security.moduletype",
  "pk": 6,
  "fields": {
    "name": "Inventarios",
    "icon": "fas fa-boxes",
    "is_active": true
  }
},
{
  "model": "security.moduletype",
  "pk": 7,
  "fields": {
    "name": "Reportes",
    "icon": "fas fa-chart-pie",
    "is_active": true
  }
},
{
  "model": "security.module",
  "pk": 1,
  "fields": {
    "url": "/security/module/type/",
    "name": "Tipos de M\u00f3dulos",
    "moduletype": 1,
    "description": "Permite administrar los tipos de m\u00f3dulos del sistema",
    "icon": "fas fa-door-open",
    "image": "",
    "is_vertical": true,
    "is_active": true,
    "is_visible": true,
    "content_type": 9
  }
},
{
  "model": "security.module",
  "pk": 2,
  "fields": {
    "url": "/security/module/",
    "name": "M\u00f3dulos",
    "moduletype": 1,
    "description": "Permite administrar los m\u00f3dulos del sistema",
    "icon": "fas fa-th-large",
    "image": "",
    "is_vertical": true,
    "is_active": true,
    "is_visible": true,
    "content_type": 10
  }
},
{
  "model": "security.module",
  "pk": 3,
  "fields": {
    "url": "/security/group/",
    "name": "Grupos",
    "moduletype": 1,
    "description": "Permite administrar los grupos de usuarios del sistema",
    "icon": "fas fa-users",
    "image": "",
    "is_vertical": true,
    "is_active": true,
    "is_visible": true,
    "content_type": 3
  }
},
{
  "model": "security.module",
  "pk": 4,
  "fields": {
    "url": "/security/database/backups/",
    "name": "Respaldos",
    "moduletype": 1,
    "description": "Permite administrar los respaldos de base de datos",
    "icon": "fas fa-database",
    "image": "",
    "is_vertical": true,
    "is_active": true,
    "is_visible": true,
    "content_type": 8
  }
},
{
  "model": "security.module",
  "pk": 5,
  "fields": {
    "url": "/security/dashboard/update/",
    "name": "Conf. Dashboard",
    "moduletype": 1,
    "description": "Permite configurar los datos de la plantilla",
    "icon": "fas fa-tools",
    "image": "",
    "is_vertical": true,
    "is_active": true,
    "is_visible": true,
    "content_type": null
  }
},
{
  "model": "security.module",
  "pk": 6,
  "fields": {
    "url": "/security/access/users/",
    "name": "Accesos",
    "moduletype": 2,
    "description": "Permite administrar los accesos de los usuarios",
    "icon": "fas fa-user-secret",
    "image": "",
    "is_vertical": true,
    "is_active": true,
    "is_visible": true,
    "content_type": 6
  }
},
{
  "model": "security.module",
  "pk": 7,
  "fields": {
    "url": "/user/admin/",
    "name": "Administradores",
    "moduletype": 2,
    "description": "Permite administrar a los administradores del sistema",
    "icon": "fas fa-user",
    "image": "",
    "is_vertical": true,
    "is_active": true,
    "is_visible": true,
    "content_type": 16
  }
},
{
  "model": "security.module",
  "pk": 8,
  "fields": {
    "url": "/user/country/",
    "name": "Paises",
    "moduletype": 5,
    "description": "Permite administrar los paises",
    "icon": "fas fa-globe-europe",
    "image": "",
    "is_vertical": true,
    "is_active": true,
    "is_visible": true,
    "content_type": 13
  }
},
{
  "model": "security.module",
  "pk": 9,
  "fields": {
    "url": "/user/province/",
    "name": "Provincias",
    "moduletype": 5,
    "description": "Permite administrar las provincias del sistema",
    "icon": "fas fa-globe",
    "image": "",
    "is_vertical": true,
    "is_active": true,
    "is_visible": true,
    "content_type": 14
  }
},
{
  "model": "security.module",
  "pk": 10,
  "fields": {
    "url": "/user/canton/",
    "name": "Cantones",
    "moduletype": 5,
    "description": "Permite administrar los cantones del sistema",
    "icon": "fas fa-globe-americas",
    "image": "",
    "is_vertical": true,
    "is_active": true,
    "is_visible": true,
    "content_type": 12
  }
},
{
  "model": "security.module",
  "pk": 11,
  "fields": {
    "url": "/user/parish/",
    "name": "Parroquias",
    "moduletype": 5,
    "description": "Permite administrar las parroquias del sistema",
    "icon": "fas fa-search-location",
    "image": "",
    "is_vertical": true,
    "is_active": true,
    "is_visible": true,
    "content_type": 15
  }
},
{
  "model": "security.module",
  "pk": 12,
  "fields": {
    "url": "/user/admin/update/password/",
    "name": "Cambiar password",
    "moduletype": null,
    "description": "Permite cambiar tu password de tu cuenta",
    "icon": "fas fa-key",
    "image": "",
    "is_vertical": false,
    "is_active": true,
    "is_visible": true,
    "content_type": null
  }
},
{
  "model": "security.module",
  "pk": 13,
  "fields": {
    "url": "/user/admin/update/profile/",
    "name": "Editar perfil",
    "moduletype": null,
    "description": "Permite cambiar la informaci\u00f3n de tu cuenta",
    "icon": "fas fa-user",
    "image": "",
    "is_vertical": false,
    "is_active": true,
    "is_visible": true,
    "content_type": null
  }
},
{
  "model": "security.module",
  "pk": 14,
  "fields": {
    "url": "/clinic/crm/clients/",
    "name": "Clientes",
    "moduletype": 4,
    "description": "Permite administrar a los clientes del sistema",
    "icon": "fas fa-male",
    "image": "",
    "is_vertical": true,
    "is_active": true,
    "is_visible": true,
    "content_type": null
  }
},
{
  "model": "security.module",
  "pk": 15,
  "fields": {
    "url": "/clinic/crm/exam/",
    "name": "Ex\u00e1menes",
    "moduletype": 4,
    "description": "Permite administrar los ex\u00e1menes del sistema",
    "icon": "fas fa-vials",
    "image": "",
    "is_vertical": true,
    "is_active": true,
    "is_visible": true,
    "content_type": 32
  }
},
{
  "model": "security.module",
  "pk": 16,
  "fields": {
    "url": "/clinic/crm/medical/parameters/",
    "name": "Par\u00e1metros M\u00e9dicos",
    "moduletype": 4,
    "description": "Permite administrar los par\u00e1metros m\u00e9dicos",
    "icon": "fas fa-ruler-combined",
    "image": "",
    "is_vertical": true,
    "is_active": true,
    "is_visible": true,
    "content_type": 33
  }
},
{
  "model": "security.module",
  "pk": 17,
  "fields": {
    "url": "/clinic/crm/date/medical/admin/",
    "name": "Citas M\u00e9dicas",
    "moduletype": 4,
    "description": "Permite administrar los controles de medicinas de las mascotas",
    "icon": "fas fa-calendar-check",
    "image": "",
    "is_vertical": true,
    "is_active": true,
    "is_visible": true,
    "content_type": null
  }
},
{
  "model": "security.module",
  "pk": 18,
  "fields": {
    "url": "/clinic/crm/date/medical/client/",
    "name": "Citas M\u00e9dicas",
    "moduletype": null,
    "description": "Permite administrar los controles de medicinas de las mascotas",
    "icon": "fas fa-calendar-check",
    "image": "",
    "is_vertical": false,
    "is_active": true,
    "is_visible": true,
    "content_type": null
  }
},
{
  "model": "security.module",
  "pk": 19,
  "fields": {
    "url": "/mainpage/update/",
    "name": "Informaci\u00f3n",
    "moduletype": 3,
    "description": "Permite administrar la informaci\u00f3n de la p\u00e1gina principal",
    "icon": "fas fa-home",
    "image": "",
    "is_vertical": true,
    "is_active": true,
    "is_visible": true,
    "content_type": 21
  }
},
{
  "model": "security.module",
  "pk": 20,
  "fields": {
    "url": "/homepage/news/",
    "name": "Noticias",
    "moduletype": 3,
    "description": "Permite administrar las noticias del dashboard",
    "icon": "far fa-newspaper",
    "image": "",
    "is_vertical": true,
    "is_active": true,
    "is_visible": true,
    "content_type": 22
  }
},
{
  "model": "security.module",
  "pk": 21,
  "fields": {
    "url": "/homepage/videos/",
    "name": "Videos",
    "moduletype": 3,
    "description": "Permite administrar las videos del dashboard",
    "icon": "fas fa-photo-video",
    "image": "",
    "is_vertical": true,
    "is_active": true,
    "is_visible": true,
    "content_type": 29
  }
},
{
  "model": "security.module",
  "pk": 22,
  "fields": {
    "url": "/homepage/socialnetworks/",
    "name": "Redes Sociales",
    "moduletype": 3,
    "description": "Permite administrar las redes sociales de la p\u00e1gina",
    "icon": "far fa-thumbs-up",
    "image": "",
    "is_vertical": true,
    "is_active": true,
    "is_visible": true,
    "content_type": 25
  }
},
{
  "model": "security.module",
  "pk": 23,
  "fields": {
    "url": "/homepage/departments/",
    "name": "Departamentos",
    "moduletype": 3,
    "description": "Permite administrar los departamentos de la p\u00e1gina",
    "icon": "fas fa-city",
    "image": "",
    "is_vertical": true,
    "is_active": true,
    "is_visible": true,
    "content_type": 18
  }
},
{
  "model": "security.module",
  "pk": 24,
  "fields": {
    "url": "/homepage/services/",
    "name": "Servicios",
    "moduletype": 3,
    "description": "Permite administrar los servicios de la p\u00e1gina",
    "icon": "fas fa-atlas",
    "image": "",
    "is_vertical": true,
    "is_active": true,
    "is_visible": true,
    "content_type": 24
  }
},
{
  "model": "security.module",
  "pk": 25,
  "fields": {
    "url": "/homepage/statistics/",
    "name": "Estad\u00edsticas",
    "moduletype": 3,
    "description": "Permite administrar las estad\u00edsticas de la p\u00e1gina",
    "icon": "fab fa-stack-overflow",
    "image": "",
    "is_vertical": true,
    "is_active": true,
    "is_visible": true,
    "content_type": 26
  }
},
{
  "model": "security.module",
  "pk": 26,
  "fields": {
    "url": "/homepage/freqquestions/",
    "name": "Preguntas frecuentes",
    "moduletype": 3,
    "description": "Permite administrar las preguntas frecuentes de la p\u00e1gina",
    "icon": "fas fa-question-circle",
    "image": "",
    "is_vertical": true,
    "is_active": true,
    "is_visible": true,
    "content_type": 19
  }
},
{
  "model": "security.module",
  "pk": 27,
  "fields": {
    "url": "/homepage/testimonials/",
    "name": "Testimonios",
    "moduletype": 3,
    "description": "Permite administrar los testimonios de la p\u00e1gina",
    "icon": "fas fa-comment-alt",
    "image": "",
    "is_vertical": true,
    "is_active": true,
    "is_visible": true,
    "content_type": 28
  }
},
{
  "model": "security.module",
  "pk": 28,
  "fields": {
    "url": "/homepage/gallery/",
    "name": "Galer\u00eda",
    "moduletype": 3,
    "description": "Permite administrar las im\u00e1genes de la p\u00e1gina",
    "icon": "fas fa-file-image",
    "image": "",
    "is_vertical": true,
    "is_active": true,
    "is_visible": true,
    "content_type": 20
  }
},
{
  "model": "security.module",
  "pk": 29,
  "fields": {
    "url": "/homepage/team/",
    "name": "Doctores",
    "moduletype": 3,
    "description": "Permite administrar a los doctores de la p\u00e1gina",
    "icon": "fas fa-users-cog",
    "image": "",
    "is_vertical": true,
    "is_active": true,
    "is_visible": true,
    "content_type": 27
  }
},
{
  "model": "security.module",
  "pk": 30,
  "fields": {
    "url": "/homepage/comments/",
    "name": "Comentarios",
    "moduletype": 3,
    "description": "Permite administrar los comentarios de la p\u00e1gina",
    "icon": "fas fa-envelope",
    "image": "",
    "is_vertical": true,
    "is_active": true,
    "is_visible": true,
    "content_type": 17
  }
},
{
  "model": "security.module",
  "pk": 31,
  "fields": {
    "url": "/homepage/qualities/",
    "name": "Cualidades",
    "moduletype": 3,
    "description": "Permite administrar los comentarios de la p\u00e1gina",
    "icon": "fas fa-folder-open",
    "image": "",
    "is_vertical": true,
    "is_active": true,
    "is_visible": true,
    "content_type": 23
  }
},
{
  "model": "security.module",
  "pk": 32,
  "fields": {
    "url": "/clinic/scm/provider/",
    "name": "Proveedores",
    "moduletype": 6,
    "description": "Permite administrar a los proveedores para las compras",
    "icon": "fas fa-truck-loading",
    "image": "",
    "is_vertical": true,
    "is_active": true,
    "is_visible": true,
    "content_type": 38
  }
},
{
  "model": "security.module",
  "pk": 33,
  "fields": {
    "url": "/clinic/scm/product/",
    "name": "Productos",
    "moduletype": 6,
    "description": "Permite administrar los productos del sistema",
    "icon": "fas fa-box-open",
    "image": "",
    "is_vertical": true,
    "is_active": true,
    "is_visible": true,
    "content_type": 37
  }
},
{
  "model": "security.module",
  "pk": 34,
  "fields": {
    "url": "/clinic/scm/purchase/",
    "name": "Compras",
    "moduletype": 6,
    "description": "Permite administrar las compras del sistema",
    "icon": "fas fa-vote-yea",
    "image": "",
    "is_vertical": true,
    "is_active": true,
    "is_visible": true,
    "content_type": 39
  }
},
{
  "model": "security.module",
  "pk": 40,
  "fields": {
    "url": "/clinic/crm/historial/medical/client/",
    "name": "Historial M\u00e9dico",
    "moduletype": null,
    "description": "Permite administrar los historiales medicos de las mascotas",
    "icon": "fas fa-first-aid",
    "image": "",
    "is_vertical": false,
    "is_active": true,
    "is_visible": true,
    "content_type": null
  }
},
{
  "model": "security.module",
  "pk": 41,
  "fields": {
    "url": "/reports/purchase/",
    "name": "Reporte de Compras",
    "moduletype": 7,
    "description": "Permite ver los reportes de las compras",
    "icon": "fas fa-chart-bar",
    "image": "",
    "is_vertical": true,
    "is_active": true,
    "is_visible": true,
    "content_type": null
  }
},
{
  "model": "security.module",
  "pk": 42,
  "fields": {
    "url": "/reports/datemedical/",
    "name": "Reporte de Citas M\u00e9dicas",
    "moduletype": 7,
    "description": "Permite ver los reportes de las citas m\u00e9dicas",
    "icon": "fas fa-chart-bar",
    "image": "",
    "is_vertical": true,
    "is_active": true,
    "is_visible": true,
    "content_type": null
  }
},
{
  "model": "security.module",
  "pk": 43,
  "fields": {
    "url": "/clinic/crm/sale/",
    "name": "Ventas",
    "moduletype": 4,
    "description": "Permite administrar las ventas de los productos",
    "icon": "fas fa-shopping-cart",
    "image": "",
    "is_vertical": true,
    "is_active": true,
    "is_visible": true,
    "content_type": 41
  }
},
{
  "model": "security.module",
  "pk": 44,
  "fields": {
    "url": "/reports/sale/",
    "name": "Reporte de Ventas",
    "moduletype": 7,
    "description": "Permite ver los reportes de las ventas",
    "icon": "fas fa-chart-bar",
    "image": "",
    "is_vertical": true,
    "is_active": true,
    "is_visible": true,
    "content_type": null
  }
},
{
  "model": "user.country",
  "pk": 1,
  "fields": {
    "code": "AF",
    "name": "Afganist\u00e1n"
  }
},
{
  "model": "user.country",
  "pk": 2,
  "fields": {
    "code": "AL",
    "name": "Albania"
  }
},
{
  "model": "user.country",
  "pk": 3,
  "fields": {
    "code": "DE",
    "name": "Alemania"
  }
},
{
  "model": "user.country",
  "pk": 4,
  "fields": {
    "code": "AD",
    "name": "Andorra"
  }
},
{
  "model": "user.country",
  "pk": 5,
  "fields": {
    "code": "AO",
    "name": "Angola"
  }
},
{
  "model": "user.country",
  "pk": 6,
  "fields": {
    "code": "AI",
    "name": "Anguila"
  }
},
{
  "model": "user.country",
  "pk": 7,
  "fields": {
    "code": "AQ",
    "name": "Ant\u00e1rtida"
  }
},
{
  "model": "user.country",
  "pk": 8,
  "fields": {
    "code": "AG",
    "name": "Antigua y Barbuda"
  }
},
{
  "model": "user.country",
  "pk": 9,
  "fields": {
    "code": "AN",
    "name": "Antillas holandesas"
  }
},
{
  "model": "user.country",
  "pk": 10,
  "fields": {
    "code": "SA",
    "name": "Arabia Saud\u00ed"
  }
},
{
  "model": "user.country",
  "pk": 11,
  "fields": {
    "code": "DZ",
    "name": "Argelia"
  }
},
{
  "model": "user.country",
  "pk": 12,
  "fields": {
    "code": "AR",
    "name": "Argentina"
  }
},
{
  "model": "user.country",
  "pk": 13,
  "fields": {
    "code": "AM",
    "name": "Armenia"
  }
},
{
  "model": "user.country",
  "pk": 14,
  "fields": {
    "code": "AW",
    "name": "Aruba"
  }
},
{
  "model": "user.country",
  "pk": 15,
  "fields": {
    "code": "AU",
    "name": "Australia"
  }
},
{
  "model": "user.country",
  "pk": 16,
  "fields": {
    "code": "AT",
    "name": "Austria"
  }
},
{
  "model": "user.country",
  "pk": 17,
  "fields": {
    "code": "AZ",
    "name": "Azerbaiy\u00e1n"
  }
},
{
  "model": "user.country",
  "pk": 18,
  "fields": {
    "code": "BS",
    "name": "Bahamas"
  }
},
{
  "model": "user.country",
  "pk": 19,
  "fields": {
    "code": "BH",
    "name": "Bahrein"
  }
},
{
  "model": "user.country",
  "pk": 20,
  "fields": {
    "code": "BD",
    "name": "Bangladesh"
  }
},
{
  "model": "user.country",
  "pk": 21,
  "fields": {
    "code": "BB",
    "name": "Barbados"
  }
},
{
  "model": "user.country",
  "pk": 22,
  "fields": {
    "code": "BE",
    "name": "B\u00e9lgica"
  }
},
{
  "model": "user.country",
  "pk": 23,
  "fields": {
    "code": "BZ",
    "name": "Belice"
  }
},
{
  "model": "user.country",
  "pk": 24,
  "fields": {
    "code": "BJ",
    "name": "Ben\u00edn"
  }
},
{
  "model": "user.country",
  "pk": 25,
  "fields": {
    "code": "BM",
    "name": "Bermudas"
  }
},
{
  "model": "user.country",
  "pk": 26,
  "fields": {
    "code": "BT",
    "name": "Bhut\u00e1n"
  }
},
{
  "model": "user.country",
  "pk": 27,
  "fields": {
    "code": "BY",
    "name": "Bielorrusia"
  }
},
{
  "model": "user.country",
  "pk": 28,
  "fields": {
    "code": "MM",
    "name": "Birmania"
  }
},
{
  "model": "user.country",
  "pk": 29,
  "fields": {
    "code": "BO",
    "name": "Bolivia"
  }
},
{
  "model": "user.country",
  "pk": 30,
  "fields": {
    "code": "BA",
    "name": "Bosnia y Herzegovina"
  }
},
{
  "model": "user.country",
  "pk": 31,
  "fields": {
    "code": "BW",
    "name": "Botsuana"
  }
},
{
  "model": "user.country",
  "pk": 32,
  "fields": {
    "code": "BR",
    "name": "Brasil"
  }
},
{
  "model": "user.country",
  "pk": 33,
  "fields": {
    "code": "BN",
    "name": "Brunei"
  }
},
{
  "model": "user.country",
  "pk": 34,
  "fields": {
    "code": "BG",
    "name": "Bulgaria"
  }
},
{
  "model": "user.country",
  "pk": 35,
  "fields": {
    "code": "BF",
    "name": "Burkina Faso"
  }
},
{
  "model": "user.country",
  "pk": 36,
  "fields": {
    "code": "BI",
    "name": "Burundi"
  }
},
{
  "model": "user.country",
  "pk": 37,
  "fields": {
    "code": "CV",
    "name": "Cabo Verde"
  }
},
{
  "model": "user.country",
  "pk": 38,
  "fields": {
    "code": "KH",
    "name": "Camboya"
  }
},
{
  "model": "user.country",
  "pk": 39,
  "fields": {
    "code": "CM",
    "name": "Camer\u00fan"
  }
},
{
  "model": "user.country",
  "pk": 40,
  "fields": {
    "code": "CA",
    "name": "Canad\u00e1"
  }
},
{
  "model": "user.country",
  "pk": 41,
  "fields": {
    "code": "TD",
    "name": "Chad"
  }
},
{
  "model": "user.country",
  "pk": 42,
  "fields": {
    "code": "CL",
    "name": "Chile"
  }
},
{
  "model": "user.country",
  "pk": 43,
  "fields": {
    "code": "CN",
    "name": "China"
  }
},
{
  "model": "user.country",
  "pk": 44,
  "fields": {
    "code": "CY",
    "name": "Chipre"
  }
},
{
  "model": "user.country",
  "pk": 45,
  "fields": {
    "code": "VA",
    "name": "Ciudad estado del Vaticano"
  }
},
{
  "model": "user.country",
  "pk": 46,
  "fields": {
    "code": "CO",
    "name": "Colombia"
  }
},
{
  "model": "user.country",
  "pk": 47,
  "fields": {
    "code": "KM",
    "name": "Comores"
  }
},
{
  "model": "user.country",
  "pk": 48,
  "fields": {
    "code": "CG",
    "name": "Congo"
  }
},
{
  "model": "user.country",
  "pk": 49,
  "fields": {
    "code": "KR",
    "name": "Corea"
  }
},
{
  "model": "user.country",
  "pk": 50,
  "fields": {
    "code": "KP",
    "name": "Corea del Norte"
  }
},
{
  "model": "user.country",
  "pk": 51,
  "fields": {
    "code": "CI",
    "name": "Costa del Marf\u00edl"
  }
},
{
  "model": "user.country",
  "pk": 52,
  "fields": {
    "code": "CR",
    "name": "Costa Rica"
  }
},
{
  "model": "user.country",
  "pk": 53,
  "fields": {
    "code": "HR",
    "name": "Croacia"
  }
},
{
  "model": "user.country",
  "pk": 54,
  "fields": {
    "code": "CU",
    "name": "Cuba"
  }
},
{
  "model": "user.country",
  "pk": 55,
  "fields": {
    "code": "DK",
    "name": "Dinamarca"
  }
},
{
  "model": "user.country",
  "pk": 56,
  "fields": {
    "code": "DJ",
    "name": "Djibouri"
  }
},
{
  "model": "user.country",
  "pk": 57,
  "fields": {
    "code": "DM",
    "name": "Dominica"
  }
},
{
  "model": "user.country",
  "pk": 58,
  "fields": {
    "code": "EC",
    "name": "Ecuador"
  }
},
{
  "model": "user.country",
  "pk": 59,
  "fields": {
    "code": "EG",
    "name": "Egipto"
  }
},
{
  "model": "user.country",
  "pk": 60,
  "fields": {
    "code": "SV",
    "name": "El Salvador"
  }
},
{
  "model": "user.country",
  "pk": 61,
  "fields": {
    "code": "AE",
    "name": "Emiratos Arabes Unidos"
  }
},
{
  "model": "user.country",
  "pk": 62,
  "fields": {
    "code": "ER",
    "name": "Eritrea"
  }
},
{
  "model": "user.country",
  "pk": 63,
  "fields": {
    "code": "SK",
    "name": "Eslovaquia"
  }
},
{
  "model": "user.country",
  "pk": 64,
  "fields": {
    "code": "SI",
    "name": "Eslovenia"
  }
},
{
  "model": "user.country",
  "pk": 65,
  "fields": {
    "code": "ES",
    "name": "Espa\u00f1a"
  }
},
{
  "model": "user.country",
  "pk": 66,
  "fields": {
    "code": "US",
    "name": "Estados Unidos"
  }
},
{
  "model": "user.country",
  "pk": 67,
  "fields": {
    "code": "EE",
    "name": "Estonia"
  }
},
{
  "model": "user.country",
  "pk": 68,
  "fields": {
    "code": "ET",
    "name": "c"
  }
},
{
  "model": "user.country",
  "pk": 69,
  "fields": {
    "code": "MK",
    "name": "Ex-Rep\u00fablica Yugoslava de Macedonia"
  }
},
{
  "model": "user.country",
  "pk": 70,
  "fields": {
    "code": "PH",
    "name": "Filipinas"
  }
},
{
  "model": "user.country",
  "pk": 71,
  "fields": {
    "code": "FI",
    "name": "Finlandia"
  }
},
{
  "model": "user.country",
  "pk": 72,
  "fields": {
    "code": "FR",
    "name": "Francia"
  }
},
{
  "model": "user.country",
  "pk": 73,
  "fields": {
    "code": "GA",
    "name": "Gab\u00f3n"
  }
},
{
  "model": "user.country",
  "pk": 74,
  "fields": {
    "code": "GM",
    "name": "Gambia"
  }
},
{
  "model": "user.country",
  "pk": 75,
  "fields": {
    "code": "GE",
    "name": "Georgia"
  }
},
{
  "model": "user.country",
  "pk": 76,
  "fields": {
    "code": "GS",
    "name": "Georgia del Sur y las islas Sandwich del Sur"
  }
},
{
  "model": "user.country",
  "pk": 77,
  "fields": {
    "code": "GH",
    "name": "Ghana"
  }
},
{
  "model": "user.country",
  "pk": 78,
  "fields": {
    "code": "GI",
    "name": "Gibraltar"
  }
},
{
  "model": "user.country",
  "pk": 79,
  "fields": {
    "code": "GD",
    "name": "Granada"
  }
},
{
  "model": "user.country",
  "pk": 80,
  "fields": {
    "code": "GR",
    "name": "Grecia"
  }
},
{
  "model": "user.country",
  "pk": 81,
  "fields": {
    "code": "GL",
    "name": "Groenlandia"
  }
},
{
  "model": "user.country",
  "pk": 82,
  "fields": {
    "code": "GP",
    "name": "Guadalupe"
  }
},
{
  "model": "user.country",
  "pk": 83,
  "fields": {
    "code": "GU",
    "name": "Guam"
  }
},
{
  "model": "user.country",
  "pk": 84,
  "fields": {
    "code": "GT",
    "name": "Guatemala"
  }
},
{
  "model": "user.country",
  "pk": 85,
  "fields": {
    "code": "GY",
    "name": "Guayana"
  }
},
{
  "model": "user.country",
  "pk": 86,
  "fields": {
    "code": "GF",
    "name": "Guayana francesa"
  }
},
{
  "model": "user.country",
  "pk": 87,
  "fields": {
    "code": "GN",
    "name": "Guinea"
  }
},
{
  "model": "user.country",
  "pk": 88,
  "fields": {
    "code": "GQ",
    "name": "Guinea Ecuatorial"
  }
},
{
  "model": "user.country",
  "pk": 89,
  "fields": {
    "code": "GW",
    "name": "Guinea-Bissau"
  }
},
{
  "model": "user.country",
  "pk": 90,
  "fields": {
    "code": "HT",
    "name": "Hait\u00ed"
  }
},
{
  "model": "user.country",
  "pk": 91,
  "fields": {
    "code": "NL",
    "name": "Holanda"
  }
},
{
  "model": "user.country",
  "pk": 92,
  "fields": {
    "code": "HN",
    "name": "Honduras"
  }
},
{
  "model": "user.country",
  "pk": 93,
  "fields": {
    "code": "HK",
    "name": "Hong Kong R. A. E"
  }
},
{
  "model": "user.country",
  "pk": 94,
  "fields": {
    "code": "HU",
    "name": "Hungr\u00eda"
  }
},
{
  "model": "user.country",
  "pk": 95,
  "fields": {
    "code": "IN",
    "name": "India"
  }
},
{
  "model": "user.country",
  "pk": 96,
  "fields": {
    "code": "ID",
    "name": "Indonesia"
  }
},
{
  "model": "user.country",
  "pk": 97,
  "fields": {
    "code": "IQ",
    "name": "Irak"
  }
},
{
  "model": "user.country",
  "pk": 98,
  "fields": {
    "code": "IR",
    "name": "Ir\u00e1n"
  }
},
{
  "model": "user.country",
  "pk": 99,
  "fields": {
    "code": "IE",
    "name": "Irlanda"
  }
},
{
  "model": "user.country",
  "pk": 100,
  "fields": {
    "code": "BV",
    "name": "Isla Bouvet"
  }
},
{
  "model": "user.country",
  "pk": 101,
  "fields": {
    "code": "CX",
    "name": "Isla Christmas"
  }
},
{
  "model": "user.country",
  "pk": 102,
  "fields": {
    "code": "HM",
    "name": "Isla Heard e Islas McDonald"
  }
},
{
  "model": "user.country",
  "pk": 103,
  "fields": {
    "code": "IS",
    "name": "Islandia"
  }
},
{
  "model": "user.country",
  "pk": 104,
  "fields": {
    "code": "KY",
    "name": "Islas Caim\u00e1n"
  }
},
{
  "model": "user.country",
  "pk": 105,
  "fields": {
    "code": "CK",
    "name": "Islas Cook"
  }
},
{
  "model": "user.country",
  "pk": 106,
  "fields": {
    "code": "CC",
    "name": "Islas de Cocos o Keeling"
  }
},
{
  "model": "user.country",
  "pk": 107,
  "fields": {
    "code": "FO",
    "name": "Islas Faroe"
  }
},
{
  "model": "user.country",
  "pk": 108,
  "fields": {
    "code": "FJ",
    "name": "Islas Fiyi"
  }
},
{
  "model": "user.country",
  "pk": 109,
  "fields": {
    "code": "FK",
    "name": "Islas Malvinas Islas Falkland"
  }
},
{
  "model": "user.country",
  "pk": 110,
  "fields": {
    "code": "MP",
    "name": "Islas Marianas del norte"
  }
},
{
  "model": "user.country",
  "pk": 111,
  "fields": {
    "code": "MH",
    "name": "Islas Marshall"
  }
},
{
  "model": "user.country",
  "pk": 112,
  "fields": {
    "code": "UM",
    "name": "Islas menores de Estados Unidos"
  }
},
{
  "model": "user.country",
  "pk": 113,
  "fields": {
    "code": "PW",
    "name": "Islas Palau"
  }
},
{
  "model": "user.country",
  "pk": 114,
  "fields": {
    "code": "undefined",
    "name": "Islas Salom\u00f3n"
  }
},
{
  "model": "user.country",
  "pk": 115,
  "fields": {
    "code": "TK",
    "name": "Islas Tokelau"
  }
},
{
  "model": "user.country",
  "pk": 116,
  "fields": {
    "code": "TC",
    "name": "Islas Turks y Caicos"
  }
},
{
  "model": "user.country",
  "pk": 117,
  "fields": {
    "code": "VI",
    "name": "Islas V\u00edrgenes EE.UU."
  }
},
{
  "model": "user.country",
  "pk": 118,
  "fields": {
    "code": "VG",
    "name": "Islas V\u00edrgenes Reino Unido"
  }
},
{
  "model": "user.country",
  "pk": 119,
  "fields": {
    "code": "IL",
    "name": "Israel"
  }
},
{
  "model": "user.country",
  "pk": 120,
  "fields": {
    "code": "IT",
    "name": "Italia"
  }
},
{
  "model": "user.country",
  "pk": 121,
  "fields": {
    "code": "JM",
    "name": "Jamaica"
  }
},
{
  "model": "user.country",
  "pk": 122,
  "fields": {
    "code": "JP",
    "name": "Jap\u00f3n"
  }
},
{
  "model": "user.country",
  "pk": 123,
  "fields": {
    "code": "JO",
    "name": "Jordania"
  }
},
{
  "model": "user.country",
  "pk": 124,
  "fields": {
    "code": "KZ",
    "name": "Kazajist\u00e1n"
  }
},
{
  "model": "user.country",
  "pk": 125,
  "fields": {
    "code": "KE",
    "name": "Kenia"
  }
},
{
  "model": "user.country",
  "pk": 126,
  "fields": {
    "code": "KG",
    "name": "Kirguizist\u00e1n"
  }
},
{
  "model": "user.country",
  "pk": 127,
  "fields": {
    "code": "KI",
    "name": "Kiribati"
  }
},
{
  "model": "user.country",
  "pk": 128,
  "fields": {
    "code": "KW",
    "name": "Kuwait"
  }
},
{
  "model": "user.country",
  "pk": 129,
  "fields": {
    "code": "LA",
    "name": "Laos"
  }
},
{
  "model": "user.country",
  "pk": 130,
  "fields": {
    "code": "LS",
    "name": "Lesoto"
  }
},
{
  "model": "user.country",
  "pk": 131,
  "fields": {
    "code": "LV",
    "name": "Letonia"
  }
},
{
  "model": "user.country",
  "pk": 132,
  "fields": {
    "code": "LB",
    "name": "L\u00edbano"
  }
},
{
  "model": "user.country",
  "pk": 133,
  "fields": {
    "code": "LR",
    "name": "Liberia"
  }
},
{
  "model": "user.country",
  "pk": 134,
  "fields": {
    "code": "LY",
    "name": "Libia"
  }
},
{
  "model": "user.country",
  "pk": 135,
  "fields": {
    "code": "LI",
    "name": "Liechtenstein"
  }
},
{
  "model": "user.country",
  "pk": 136,
  "fields": {
    "code": "LT",
    "name": "Lituania"
  }
},
{
  "model": "user.country",
  "pk": 137,
  "fields": {
    "code": "LU",
    "name": "Luxemburgo"
  }
},
{
  "model": "user.country",
  "pk": 138,
  "fields": {
    "code": "MO",
    "name": "Macao R. A. E"
  }
},
{
  "model": "user.country",
  "pk": 139,
  "fields": {
    "code": "MG",
    "name": "Madagascar"
  }
},
{
  "model": "user.country",
  "pk": 140,
  "fields": {
    "code": "MY",
    "name": "Malasia"
  }
},
{
  "model": "user.country",
  "pk": 141,
  "fields": {
    "code": "MW",
    "name": "Malawi"
  }
},
{
  "model": "user.country",
  "pk": 142,
  "fields": {
    "code": "MV",
    "name": "Maldivas"
  }
},
{
  "model": "user.country",
  "pk": 143,
  "fields": {
    "code": "ML",
    "name": "Mal\u00ed"
  }
},
{
  "model": "user.country",
  "pk": 144,
  "fields": {
    "code": "MT",
    "name": "Malta"
  }
},
{
  "model": "user.country",
  "pk": 145,
  "fields": {
    "code": "MA",
    "name": "Marruecos"
  }
},
{
  "model": "user.country",
  "pk": 146,
  "fields": {
    "code": "MQ",
    "name": "Martinica"
  }
},
{
  "model": "user.country",
  "pk": 147,
  "fields": {
    "code": "MU",
    "name": "Mauricio"
  }
},
{
  "model": "user.country",
  "pk": 148,
  "fields": {
    "code": "MR",
    "name": "Mauritania"
  }
},
{
  "model": "user.country",
  "pk": 149,
  "fields": {
    "code": "YT",
    "name": "Mayotte"
  }
},
{
  "model": "user.country",
  "pk": 150,
  "fields": {
    "code": "MX",
    "name": "M\u00e9xico"
  }
},
{
  "model": "user.country",
  "pk": 151,
  "fields": {
    "code": "FM",
    "name": "Micronesia"
  }
},
{
  "model": "user.country",
  "pk": 152,
  "fields": {
    "code": "MD",
    "name": "Moldavia"
  }
},
{
  "model": "user.country",
  "pk": 153,
  "fields": {
    "code": "MC",
    "name": "M\u00f3naco"
  }
},
{
  "model": "user.country",
  "pk": 154,
  "fields": {
    "code": "MN",
    "name": "Mongolia"
  }
},
{
  "model": "user.country",
  "pk": 155,
  "fields": {
    "code": "MS",
    "name": "Montserrat"
  }
},
{
  "model": "user.country",
  "pk": 156,
  "fields": {
    "code": "MZ",
    "name": "Mozambique"
  }
},
{
  "model": "user.country",
  "pk": 157,
  "fields": {
    "code": "NA",
    "name": "Namibia"
  }
},
{
  "model": "user.country",
  "pk": 158,
  "fields": {
    "code": "NR",
    "name": "Nauru"
  }
},
{
  "model": "user.country",
  "pk": 159,
  "fields": {
    "code": "NP",
    "name": "Nepal"
  }
},
{
  "model": "user.country",
  "pk": 160,
  "fields": {
    "code": "NI",
    "name": "Nicaragua"
  }
},
{
  "model": "user.country",
  "pk": 161,
  "fields": {
    "code": "NE",
    "name": "N\u00edger"
  }
},
{
  "model": "user.country",
  "pk": 162,
  "fields": {
    "code": "NG",
    "name": "Nigeria"
  }
},
{
  "model": "user.country",
  "pk": 163,
  "fields": {
    "code": "NU",
    "name": "Niue"
  }
},
{
  "model": "user.country",
  "pk": 164,
  "fields": {
    "code": "NF",
    "name": "Norfolk"
  }
},
{
  "model": "user.country",
  "pk": 165,
  "fields": {
    "code": "NO",
    "name": "Noruega"
  }
},
{
  "model": "user.country",
  "pk": 166,
  "fields": {
    "code": "NC",
    "name": "Nueva Caledonia"
  }
},
{
  "model": "user.country",
  "pk": 167,
  "fields": {
    "code": "NZ",
    "name": "Nueva Zelanda"
  }
},
{
  "model": "user.country",
  "pk": 168,
  "fields": {
    "code": "OM",
    "name": "Om\u00e1n"
  }
},
{
  "model": "user.country",
  "pk": 169,
  "fields": {
    "code": "PA",
    "name": "Panam\u00e1"
  }
},
{
  "model": "user.country",
  "pk": 170,
  "fields": {
    "code": "PG",
    "name": "Papua Nueva Guinea"
  }
},
{
  "model": "user.country",
  "pk": 171,
  "fields": {
    "code": "PK",
    "name": "Paquist\u00e1n"
  }
},
{
  "model": "user.country",
  "pk": 172,
  "fields": {
    "code": "PY",
    "name": "Paraguay"
  }
},
{
  "model": "user.country",
  "pk": 173,
  "fields": {
    "code": "PE",
    "name": "Per\u00fa"
  }
},
{
  "model": "user.country",
  "pk": 174,
  "fields": {
    "code": "PN",
    "name": "Pitcairn"
  }
},
{
  "model": "user.country",
  "pk": 175,
  "fields": {
    "code": "PF",
    "name": "Polinesia francesa"
  }
},
{
  "model": "user.country",
  "pk": 176,
  "fields": {
    "code": "PL",
    "name": "Polonia"
  }
},
{
  "model": "user.country",
  "pk": 177,
  "fields": {
    "code": "PT",
    "name": "Portugal"
  }
},
{
  "model": "user.country",
  "pk": 178,
  "fields": {
    "code": "PR",
    "name": "Puerto Rico"
  }
},
{
  "model": "user.country",
  "pk": 179,
  "fields": {
    "code": "QA",
    "name": "Qatar"
  }
},
{
  "model": "user.country",
  "pk": 180,
  "fields": {
    "code": "UK",
    "name": "Reino Unido"
  }
},
{
  "model": "user.country",
  "pk": 181,
  "fields": {
    "code": "CF",
    "name": "Rep\u00fablica Centroafricana"
  }
},
{
  "model": "user.country",
  "pk": 182,
  "fields": {
    "code": "CZ",
    "name": "Rep\u00fablica Checa"
  }
},
{
  "model": "user.country",
  "pk": 183,
  "fields": {
    "code": "ZA",
    "name": "Rep\u00fablica de Sud\u00e1frica"
  }
},
{
  "model": "user.country",
  "pk": 184,
  "fields": {
    "code": "CD",
    "name": "Rep\u00fablica Democr\u00e1tica del Congo Zaire"
  }
},
{
  "model": "user.country",
  "pk": 185,
  "fields": {
    "code": "DO",
    "name": "Rep\u00fablica Dominicana"
  }
},
{
  "model": "user.country",
  "pk": 186,
  "fields": {
    "code": "RE",
    "name": "Reuni\u00f3n"
  }
},
{
  "model": "user.country",
  "pk": 187,
  "fields": {
    "code": "RW",
    "name": "Ruanda"
  }
},
{
  "model": "user.country",
  "pk": 188,
  "fields": {
    "code": "RO",
    "name": "Rumania"
  }
},
{
  "model": "user.country",
  "pk": 189,
  "fields": {
    "code": "RU",
    "name": "Rusia"
  }
},
{
  "model": "user.country",
  "pk": 190,
  "fields": {
    "code": "WS",
    "name": "Samoa"
  }
},
{
  "model": "user.country",
  "pk": 191,
  "fields": {
    "code": "AS",
    "name": "Samoa occidental"
  }
},
{
  "model": "user.country",
  "pk": 192,
  "fields": {
    "code": "KN",
    "name": "San Kitts y Nevis"
  }
},
{
  "model": "user.country",
  "pk": 193,
  "fields": {
    "code": "SM",
    "name": "San Marino"
  }
},
{
  "model": "user.country",
  "pk": 194,
  "fields": {
    "code": "PM",
    "name": "San Pierre y Miquelon"
  }
},
{
  "model": "user.country",
  "pk": 195,
  "fields": {
    "code": "VC",
    "name": "San Vicente e Islas Granadinas"
  }
},
{
  "model": "user.country",
  "pk": 196,
  "fields": {
    "code": "SH",
    "name": "Santa Helena"
  }
},
{
  "model": "user.country",
  "pk": 197,
  "fields": {
    "code": "LC",
    "name": "Santa Luc\u00eda"
  }
},
{
  "model": "user.country",
  "pk": 198,
  "fields": {
    "code": "ST",
    "name": "Santo Tom\u00e9 y Pr\u00edncipe"
  }
},
{
  "model": "user.country",
  "pk": 199,
  "fields": {
    "code": "SN",
    "name": "Senegal"
  }
},
{
  "model": "user.country",
  "pk": 200,
  "fields": {
    "code": "YU",
    "name": "Serbia y Montenegro"
  }
},
{
  "model": "user.country",
  "pk": 201,
  "fields": {
    "code": "SC",
    "name": "Sychelles"
  }
},
{
  "model": "user.country",
  "pk": 202,
  "fields": {
    "code": "SL",
    "name": "Sierra Leona"
  }
},
{
  "model": "user.country",
  "pk": 203,
  "fields": {
    "code": "SG",
    "name": "Singapur"
  }
},
{
  "model": "user.country",
  "pk": 204,
  "fields": {
    "code": "SY",
    "name": "Siria"
  }
},
{
  "model": "user.country",
  "pk": 205,
  "fields": {
    "code": "SO",
    "name": "Somalia"
  }
},
{
  "model": "user.country",
  "pk": 206,
  "fields": {
    "code": "LK",
    "name": "Sri Lanka"
  }
},
{
  "model": "user.country",
  "pk": 207,
  "fields": {
    "code": "SZ",
    "name": "Suazilandia"
  }
},
{
  "model": "user.country",
  "pk": 208,
  "fields": {
    "code": "SD",
    "name": "Sud\u00e1n"
  }
},
{
  "model": "user.country",
  "pk": 209,
  "fields": {
    "code": "SE",
    "name": "Suecia"
  }
},
{
  "model": "user.country",
  "pk": 210,
  "fields": {
    "code": "CH",
    "name": "Suiza"
  }
},
{
  "model": "user.country",
  "pk": 211,
  "fields": {
    "code": "SR",
    "name": "Surinam"
  }
},
{
  "model": "user.country",
  "pk": 212,
  "fields": {
    "code": "SJ",
    "name": "Svalbard"
  }
},
{
  "model": "user.country",
  "pk": 213,
  "fields": {
    "code": "TH",
    "name": "Tailandia"
  }
},
{
  "model": "user.country",
  "pk": 214,
  "fields": {
    "code": "TW",
    "name": "Taiw\u00e1n"
  }
},
{
  "model": "user.country",
  "pk": 215,
  "fields": {
    "code": "TZ",
    "name": "Tanzania"
  }
},
{
  "model": "user.country",
  "pk": 216,
  "fields": {
    "code": "TJ",
    "name": "Tayikist\u00e1n"
  }
},
{
  "model": "user.country",
  "pk": 217,
  "fields": {
    "code": "IO",
    "name": "Territorios brit\u00e1nicos del oc\u00e9ano Indico"
  }
},
{
  "model": "user.country",
  "pk": 218,
  "fields": {
    "code": "TF",
    "name": "Territorios franceses del sur"
  }
},
{
  "model": "user.country",
  "pk": 219,
  "fields": {
    "code": "TP",
    "name": "Timor Oriental"
  }
},
{
  "model": "user.country",
  "pk": 220,
  "fields": {
    "code": "TG",
    "name": "Togo"
  }
},
{
  "model": "user.country",
  "pk": 221,
  "fields": {
    "code": "TO",
    "name": "Tonga"
  }
},
{
  "model": "user.country",
  "pk": 222,
  "fields": {
    "code": "TT",
    "name": "Trinidad y Tobago"
  }
},
{
  "model": "user.country",
  "pk": 223,
  "fields": {
    "code": "TN",
    "name": "T\u00fanez"
  }
},
{
  "model": "user.country",
  "pk": 224,
  "fields": {
    "code": "TM",
    "name": "Turkmenist\u00e1n"
  }
},
{
  "model": "user.country",
  "pk": 225,
  "fields": {
    "code": "TR",
    "name": "Turqu\u00eda"
  }
},
{
  "model": "user.country",
  "pk": 226,
  "fields": {
    "code": "TV",
    "name": "Tuvalu"
  }
},
{
  "model": "user.country",
  "pk": 227,
  "fields": {
    "code": "UA",
    "name": "Ucrania"
  }
},
{
  "model": "user.country",
  "pk": 228,
  "fields": {
    "code": "UG",
    "name": "Uganda"
  }
},
{
  "model": "user.country",
  "pk": 229,
  "fields": {
    "code": "UY",
    "name": "Uruguay"
  }
},
{
  "model": "user.country",
  "pk": 230,
  "fields": {
    "code": "UZ",
    "name": "Uzbekist\u00e1n"
  }
},
{
  "model": "user.country",
  "pk": 231,
  "fields": {
    "code": "VU",
    "name": "Vanuatu"
  }
},
{
  "model": "user.country",
  "pk": 232,
  "fields": {
    "code": "VE",
    "name": "Venezuela"
  }
},
{
  "model": "user.country",
  "pk": 233,
  "fields": {
    "code": "VN",
    "name": "Vietnam"
  }
},
{
  "model": "user.country",
  "pk": 234,
  "fields": {
    "code": "WF",
    "name": "Wallis y Futuna"
  }
},
{
  "model": "user.country",
  "pk": 235,
  "fields": {
    "code": "YE",
    "name": "Yemen"
  }
},
{
  "model": "user.country",
  "pk": 236,
  "fields": {
    "code": "ZM",
    "name": "Zambia"
  }
},
{
  "model": "user.country",
  "pk": 237,
  "fields": {
    "code": "ZW",
    "name": "Zimbabue"
  }
},
{
  "model": "user.province",
  "pk": 1,
  "fields": {
    "country": 58,
    "name": "AZUAY",
    "code": "01"
  }
},
{
  "model": "user.province",
  "pk": 2,
  "fields": {
    "country": 58,
    "name": "BOLIVAR",
    "code": "02"
  }
},
{
  "model": "user.province",
  "pk": 3,
  "fields": {
    "country": 58,
    "name": "CA\u00d1AR",
    "code": "03"
  }
},
{
  "model": "user.province",
  "pk": 4,
  "fields": {
    "country": 58,
    "name": "CARCHI",
    "code": "04"
  }
},
{
  "model": "user.province",
  "pk": 5,
  "fields": {
    "country": 58,
    "name": "COTOPAXI",
    "code": "05"
  }
},
{
  "model": "user.province",
  "pk": 6,
  "fields": {
    "country": 58,
    "name": "CHIMBORAZO",
    "code": "06"
  }
},
{
  "model": "user.province",
  "pk": 7,
  "fields": {
    "country": 58,
    "name": "EL ORO",
    "code": "07"
  }
},
{
  "model": "user.province",
  "pk": 8,
  "fields": {
    "country": 58,
    "name": "ESMERALDAS",
    "code": "08"
  }
},
{
  "model": "user.province",
  "pk": 9,
  "fields": {
    "country": 58,
    "name": "GUAYAS",
    "code": "09"
  }
},
{
  "model": "user.province",
  "pk": 10,
  "fields": {
    "country": 58,
    "name": "IMBABURA",
    "code": "10"
  }
},
{
  "model": "user.province",
  "pk": 11,
  "fields": {
    "country": 58,
    "name": "LOJA",
    "code": "11"
  }
},
{
  "model": "user.province",
  "pk": 12,
  "fields": {
    "country": 58,
    "name": "LOS RIOS",
    "code": "12"
  }
},
{
  "model": "user.province",
  "pk": 13,
  "fields": {
    "country": 58,
    "name": "MANABI",
    "code": "13"
  }
},
{
  "model": "user.province",
  "pk": 14,
  "fields": {
    "country": 58,
    "name": "MORONA SANTIAGO",
    "code": "14"
  }
},
{
  "model": "user.province",
  "pk": 15,
  "fields": {
    "country": 58,
    "name": "NAPO",
    "code": "15"
  }
},
{
  "model": "user.province",
  "pk": 16,
  "fields": {
    "country": 58,
    "name": "PASTAZA",
    "code": "16"
  }
},
{
  "model": "user.province",
  "pk": 17,
  "fields": {
    "country": 58,
    "name": "PICHINCHA",
    "code": "17"
  }
},
{
  "model": "user.province",
  "pk": 18,
  "fields": {
    "country": 58,
    "name": "TUNGURAHUA",
    "code": "18"
  }
},
{
  "model": "user.province",
  "pk": 19,
  "fields": {
    "country": 58,
    "name": "ZAMORA CHINCHIPE",
    "code": "19"
  }
},
{
  "model": "user.province",
  "pk": 20,
  "fields": {
    "country": 58,
    "name": "GALAPAGOS",
    "code": "20"
  }
},
{
  "model": "user.province",
  "pk": 21,
  "fields": {
    "country": 58,
    "name": "SUCUMBIOS",
    "code": "21"
  }
},
{
  "model": "user.province",
  "pk": 22,
  "fields": {
    "country": 58,
    "name": "ORELLANA",
    "code": "22"
  }
},
{
  "model": "user.province",
  "pk": 23,
  "fields": {
    "country": 58,
    "name": "NTO DOMINGO DE LOS TSACHIL",
    "code": "23"
  }
},
{
  "model": "user.province",
  "pk": 24,
  "fields": {
    "country": 58,
    "name": "SANTA ELENA",
    "code": "24"
  }
},
{
  "model": "user.province",
  "pk": 25,
  "fields": {
    "country": 58,
    "name": "ZONAS NO DELIMITADAS",
    "code": "90"
  }
},
{
  "model": "user.canton",
  "pk": 1,
  "fields": {
    "province": 1,
    "name": "CUENCA"
  }
},
{
  "model": "user.canton",
  "pk": 2,
  "fields": {
    "province": 1,
    "name": "GIR\u00d3N"
  }
},
{
  "model": "user.canton",
  "pk": 3,
  "fields": {
    "province": 1,
    "name": "GUALACEO"
  }
},
{
  "model": "user.canton",
  "pk": 4,
  "fields": {
    "province": 1,
    "name": "NAB\u00d3N"
  }
},
{
  "model": "user.canton",
  "pk": 5,
  "fields": {
    "province": 1,
    "name": "PAUTE"
  }
},
{
  "model": "user.canton",
  "pk": 6,
  "fields": {
    "province": 1,
    "name": "PUCARA"
  }
},
{
  "model": "user.canton",
  "pk": 7,
  "fields": {
    "province": 1,
    "name": "SAN FERNANDO"
  }
},
{
  "model": "user.canton",
  "pk": 8,
  "fields": {
    "province": 1,
    "name": "SANTA ISABEL"
  }
},
{
  "model": "user.canton",
  "pk": 9,
  "fields": {
    "province": 1,
    "name": "SIGSIG"
  }
},
{
  "model": "user.canton",
  "pk": 10,
  "fields": {
    "province": 1,
    "name": "O\u00d1A"
  }
},
{
  "model": "user.canton",
  "pk": 11,
  "fields": {
    "province": 1,
    "name": "CHORDELEG"
  }
},
{
  "model": "user.canton",
  "pk": 12,
  "fields": {
    "province": 1,
    "name": "EL PAN"
  }
},
{
  "model": "user.canton",
  "pk": 13,
  "fields": {
    "province": 1,
    "name": "SEVILLA DE ORO"
  }
},
{
  "model": "user.canton",
  "pk": 14,
  "fields": {
    "province": 1,
    "name": "GUACHAPALA"
  }
},
{
  "model": "user.canton",
  "pk": 15,
  "fields": {
    "province": 1,
    "name": "CAMILO PONCE ENR\u00cdQUEZ"
  }
},
{
  "model": "user.canton",
  "pk": 16,
  "fields": {
    "province": 2,
    "name": "GUARANDA"
  }
},
{
  "model": "user.canton",
  "pk": 17,
  "fields": {
    "province": 2,
    "name": "CHILLANES"
  }
},
{
  "model": "user.canton",
  "pk": 18,
  "fields": {
    "province": 2,
    "name": "CHIMBO"
  }
},
{
  "model": "user.canton",
  "pk": 19,
  "fields": {
    "province": 2,
    "name": "ECHEAND\u00cdA"
  }
},
{
  "model": "user.canton",
  "pk": 20,
  "fields": {
    "province": 2,
    "name": "SAN MIGUEL"
  }
},
{
  "model": "user.canton",
  "pk": 21,
  "fields": {
    "province": 2,
    "name": "CALUMA"
  }
},
{
  "model": "user.canton",
  "pk": 22,
  "fields": {
    "province": 2,
    "name": "LAS NAVES"
  }
},
{
  "model": "user.canton",
  "pk": 23,
  "fields": {
    "province": 3,
    "name": "AZOGUES"
  }
},
{
  "model": "user.canton",
  "pk": 24,
  "fields": {
    "province": 3,
    "name": "BIBLI\u00c1N"
  }
},
{
  "model": "user.canton",
  "pk": 25,
  "fields": {
    "province": 3,
    "name": "CA\u00d1AR"
  }
},
{
  "model": "user.canton",
  "pk": 26,
  "fields": {
    "province": 3,
    "name": "LA TRONCAL"
  }
},
{
  "model": "user.canton",
  "pk": 27,
  "fields": {
    "province": 3,
    "name": "EL TAMBO"
  }
},
{
  "model": "user.canton",
  "pk": 28,
  "fields": {
    "province": 3,
    "name": "D\u00c9LEG"
  }
},
{
  "model": "user.canton",
  "pk": 29,
  "fields": {
    "province": 3,
    "name": "SUSCAL"
  }
},
{
  "model": "user.canton",
  "pk": 30,
  "fields": {
    "province": 4,
    "name": "TULC\u00c1N"
  }
},
{
  "model": "user.canton",
  "pk": 31,
  "fields": {
    "province": 4,
    "name": "BOL\u00cdVAR"
  }
},
{
  "model": "user.canton",
  "pk": 32,
  "fields": {
    "province": 4,
    "name": "ESPEJO"
  }
},
{
  "model": "user.canton",
  "pk": 33,
  "fields": {
    "province": 4,
    "name": "MIRA"
  }
},
{
  "model": "user.canton",
  "pk": 34,
  "fields": {
    "province": 4,
    "name": "MONT\u00daFAR"
  }
},
{
  "model": "user.canton",
  "pk": 35,
  "fields": {
    "province": 4,
    "name": "SAN PEDRO DE HUACA"
  }
},
{
  "model": "user.canton",
  "pk": 36,
  "fields": {
    "province": 5,
    "name": "LATACUNGA"
  }
},
{
  "model": "user.canton",
  "pk": 37,
  "fields": {
    "province": 5,
    "name": "LA MAN\u00c1"
  }
},
{
  "model": "user.canton",
  "pk": 38,
  "fields": {
    "province": 5,
    "name": "PANGUA"
  }
},
{
  "model": "user.canton",
  "pk": 39,
  "fields": {
    "province": 5,
    "name": "PUJILI"
  }
},
{
  "model": "user.canton",
  "pk": 40,
  "fields": {
    "province": 5,
    "name": "SALCEDO"
  }
},
{
  "model": "user.canton",
  "pk": 41,
  "fields": {
    "province": 5,
    "name": "SAQUISIL\u00cd"
  }
},
{
  "model": "user.canton",
  "pk": 42,
  "fields": {
    "province": 5,
    "name": "SIGCHOS"
  }
},
{
  "model": "user.canton",
  "pk": 43,
  "fields": {
    "province": 6,
    "name": "RIOBAMBA"
  }
},
{
  "model": "user.canton",
  "pk": 44,
  "fields": {
    "province": 6,
    "name": "ALAUSI"
  }
},
{
  "model": "user.canton",
  "pk": 45,
  "fields": {
    "province": 6,
    "name": "COLTA"
  }
},
{
  "model": "user.canton",
  "pk": 46,
  "fields": {
    "province": 6,
    "name": "CHAMBO"
  }
},
{
  "model": "user.canton",
  "pk": 47,
  "fields": {
    "province": 6,
    "name": "CHUNCHI"
  }
},
{
  "model": "user.canton",
  "pk": 48,
  "fields": {
    "province": 6,
    "name": "GUAMOTE"
  }
},
{
  "model": "user.canton",
  "pk": 49,
  "fields": {
    "province": 6,
    "name": "GUANO"
  }
},
{
  "model": "user.canton",
  "pk": 50,
  "fields": {
    "province": 6,
    "name": "PALLATANGA"
  }
},
{
  "model": "user.canton",
  "pk": 51,
  "fields": {
    "province": 6,
    "name": "PENIPE"
  }
},
{
  "model": "user.canton",
  "pk": 52,
  "fields": {
    "province": 6,
    "name": "CUMAND\u00c1"
  }
},
{
  "model": "user.canton",
  "pk": 53,
  "fields": {
    "province": 7,
    "name": "MACHALA"
  }
},
{
  "model": "user.canton",
  "pk": 54,
  "fields": {
    "province": 7,
    "name": "ARENILLAS"
  }
},
{
  "model": "user.canton",
  "pk": 55,
  "fields": {
    "province": 7,
    "name": "ATAHUALPA"
  }
},
{
  "model": "user.canton",
  "pk": 56,
  "fields": {
    "province": 7,
    "name": "BALSAS"
  }
},
{
  "model": "user.canton",
  "pk": 57,
  "fields": {
    "province": 7,
    "name": "CHILLA"
  }
},
{
  "model": "user.canton",
  "pk": 58,
  "fields": {
    "province": 7,
    "name": "EL GUABO"
  }
},
{
  "model": "user.canton",
  "pk": 59,
  "fields": {
    "province": 7,
    "name": "HUAQUILLAS"
  }
},
{
  "model": "user.canton",
  "pk": 60,
  "fields": {
    "province": 7,
    "name": "MARCABEL\u00cd"
  }
},
{
  "model": "user.canton",
  "pk": 61,
  "fields": {
    "province": 7,
    "name": "PASAJE"
  }
},
{
  "model": "user.canton",
  "pk": 62,
  "fields": {
    "province": 7,
    "name": "PI\u00d1AS"
  }
},
{
  "model": "user.canton",
  "pk": 63,
  "fields": {
    "province": 7,
    "name": "PORTOVELO"
  }
},
{
  "model": "user.canton",
  "pk": 64,
  "fields": {
    "province": 7,
    "name": "SANTA ROSA"
  }
},
{
  "model": "user.canton",
  "pk": 65,
  "fields": {
    "province": 7,
    "name": "ZARUMA"
  }
},
{
  "model": "user.canton",
  "pk": 66,
  "fields": {
    "province": 7,
    "name": "LAS LAJAS"
  }
},
{
  "model": "user.canton",
  "pk": 67,
  "fields": {
    "province": 8,
    "name": "ESMERALDAS"
  }
},
{
  "model": "user.canton",
  "pk": 68,
  "fields": {
    "province": 8,
    "name": "ELOY ALFARO"
  }
},
{
  "model": "user.canton",
  "pk": 69,
  "fields": {
    "province": 8,
    "name": "MUISNE"
  }
},
{
  "model": "user.canton",
  "pk": 70,
  "fields": {
    "province": 8,
    "name": "QUININD\u00c9"
  }
},
{
  "model": "user.canton",
  "pk": 71,
  "fields": {
    "province": 8,
    "name": "SAN LORENZO"
  }
},
{
  "model": "user.canton",
  "pk": 72,
  "fields": {
    "province": 8,
    "name": "ATACAMES"
  }
},
{
  "model": "user.canton",
  "pk": 73,
  "fields": {
    "province": 8,
    "name": "RIOVERDE"
  }
},
{
  "model": "user.canton",
  "pk": 74,
  "fields": {
    "province": 8,
    "name": "LA CONCORDIA"
  }
},
{
  "model": "user.canton",
  "pk": 75,
  "fields": {
    "province": 9,
    "name": "GUAYAQUIL"
  }
},
{
  "model": "user.canton",
  "pk": 76,
  "fields": {
    "province": 9,
    "name": "DO BAQUERIZO MORENO (JU"
  }
},
{
  "model": "user.canton",
  "pk": 77,
  "fields": {
    "province": 9,
    "name": "BALAO"
  }
},
{
  "model": "user.canton",
  "pk": 78,
  "fields": {
    "province": 9,
    "name": "BALZAR"
  }
},
{
  "model": "user.canton",
  "pk": 79,
  "fields": {
    "province": 9,
    "name": "COLIMES"
  }
},
{
  "model": "user.canton",
  "pk": 80,
  "fields": {
    "province": 9,
    "name": "DAULE"
  }
},
{
  "model": "user.canton",
  "pk": 81,
  "fields": {
    "province": 9,
    "name": "DUR\u00c1N"
  }
},
{
  "model": "user.canton",
  "pk": 82,
  "fields": {
    "province": 9,
    "name": "EL EMPALME"
  }
},
{
  "model": "user.canton",
  "pk": 83,
  "fields": {
    "province": 9,
    "name": "EL TRIUNFO"
  }
},
{
  "model": "user.canton",
  "pk": 84,
  "fields": {
    "province": 9,
    "name": "MILAGRO"
  }
},
{
  "model": "user.canton",
  "pk": 85,
  "fields": {
    "province": 9,
    "name": "NARANJAL"
  }
},
{
  "model": "user.canton",
  "pk": 86,
  "fields": {
    "province": 9,
    "name": "NARANJITO"
  }
},
{
  "model": "user.canton",
  "pk": 87,
  "fields": {
    "province": 9,
    "name": "PALESTINA"
  }
},
{
  "model": "user.canton",
  "pk": 88,
  "fields": {
    "province": 9,
    "name": "PEDRO CARBO"
  }
},
{
  "model": "user.canton",
  "pk": 89,
  "fields": {
    "province": 9,
    "name": "SAMBOROND\u00d3N"
  }
},
{
  "model": "user.canton",
  "pk": 90,
  "fields": {
    "province": 9,
    "name": "SANTA LUC\u00cdA"
  }
},
{
  "model": "user.canton",
  "pk": 91,
  "fields": {
    "province": 9,
    "name": "SALITRE (URBINA JADO)"
  }
},
{
  "model": "user.canton",
  "pk": 92,
  "fields": {
    "province": 9,
    "name": "SAN JACINTO DE YAGUACHI"
  }
},
{
  "model": "user.canton",
  "pk": 93,
  "fields": {
    "province": 9,
    "name": "PLAYAS"
  }
},
{
  "model": "user.canton",
  "pk": 94,
  "fields": {
    "province": 9,
    "name": "SIM\u00d3N BOL\u00cdVAR"
  }
},
{
  "model": "user.canton",
  "pk": 95,
  "fields": {
    "province": 9,
    "name": "ORONEL MARCELINO MARIDUE"
  }
},
{
  "model": "user.canton",
  "pk": 96,
  "fields": {
    "province": 9,
    "name": "LOMAS DE SARGENTILLO"
  }
},
{
  "model": "user.canton",
  "pk": 97,
  "fields": {
    "province": 9,
    "name": "NOBOL"
  }
},
{
  "model": "user.canton",
  "pk": 98,
  "fields": {
    "province": 9,
    "name": "GENERAL ANTONIO ELIZALDE"
  }
},
{
  "model": "user.canton",
  "pk": 99,
  "fields": {
    "province": 9,
    "name": "ISIDRO AYORA"
  }
},
{
  "model": "user.canton",
  "pk": 100,
  "fields": {
    "province": 10,
    "name": "IBARRA"
  }
},
{
  "model": "user.canton",
  "pk": 101,
  "fields": {
    "province": 10,
    "name": "ANTONIO ANTE"
  }
},
{
  "model": "user.canton",
  "pk": 102,
  "fields": {
    "province": 10,
    "name": "COTACACHI"
  }
},
{
  "model": "user.canton",
  "pk": 103,
  "fields": {
    "province": 10,
    "name": "OTAVALO"
  }
},
{
  "model": "user.canton",
  "pk": 104,
  "fields": {
    "province": 10,
    "name": "PIMAMPIRO"
  }
},
{
  "model": "user.canton",
  "pk": 105,
  "fields": {
    "province": 10,
    "name": "SAN MIGUEL DE URCUQU\u00cd"
  }
},
{
  "model": "user.canton",
  "pk": 106,
  "fields": {
    "province": 11,
    "name": "LOJA"
  }
},
{
  "model": "user.canton",
  "pk": 107,
  "fields": {
    "province": 11,
    "name": "CALVAS"
  }
},
{
  "model": "user.canton",
  "pk": 108,
  "fields": {
    "province": 11,
    "name": "CATAMAYO"
  }
},
{
  "model": "user.canton",
  "pk": 109,
  "fields": {
    "province": 11,
    "name": "CELICA"
  }
},
{
  "model": "user.canton",
  "pk": 110,
  "fields": {
    "province": 11,
    "name": "CHAGUARPAMBA"
  }
},
{
  "model": "user.canton",
  "pk": 111,
  "fields": {
    "province": 11,
    "name": "ESP\u00cdNDOLA"
  }
},
{
  "model": "user.canton",
  "pk": 112,
  "fields": {
    "province": 11,
    "name": "GONZANAM\u00c1"
  }
},
{
  "model": "user.canton",
  "pk": 113,
  "fields": {
    "province": 11,
    "name": "MACAR\u00c1"
  }
},
{
  "model": "user.canton",
  "pk": 114,
  "fields": {
    "province": 11,
    "name": "PALTAS"
  }
},
{
  "model": "user.canton",
  "pk": 115,
  "fields": {
    "province": 11,
    "name": "PUYANGO"
  }
},
{
  "model": "user.canton",
  "pk": 116,
  "fields": {
    "province": 11,
    "name": "SARAGURO"
  }
},
{
  "model": "user.canton",
  "pk": 117,
  "fields": {
    "province": 11,
    "name": "SOZORANGA"
  }
},
{
  "model": "user.canton",
  "pk": 118,
  "fields": {
    "province": 11,
    "name": "ZAPOTILLO"
  }
},
{
  "model": "user.canton",
  "pk": 119,
  "fields": {
    "province": 11,
    "name": "PINDAL"
  }
},
{
  "model": "user.canton",
  "pk": 120,
  "fields": {
    "province": 11,
    "name": "QUILANGA"
  }
},
{
  "model": "user.canton",
  "pk": 121,
  "fields": {
    "province": 11,
    "name": "OLMEDO"
  }
},
{
  "model": "user.canton",
  "pk": 122,
  "fields": {
    "province": 12,
    "name": "BABAHOYO"
  }
},
{
  "model": "user.canton",
  "pk": 123,
  "fields": {
    "province": 12,
    "name": "BABA"
  }
},
{
  "model": "user.canton",
  "pk": 124,
  "fields": {
    "province": 12,
    "name": "MONTALVO"
  }
},
{
  "model": "user.canton",
  "pk": 125,
  "fields": {
    "province": 12,
    "name": "PUEBLOVIEJO"
  }
},
{
  "model": "user.canton",
  "pk": 126,
  "fields": {
    "province": 12,
    "name": "QUEVEDO"
  }
},
{
  "model": "user.canton",
  "pk": 127,
  "fields": {
    "province": 12,
    "name": "URDANETA"
  }
},
{
  "model": "user.canton",
  "pk": 128,
  "fields": {
    "province": 12,
    "name": "VENTANAS"
  }
},
{
  "model": "user.canton",
  "pk": 129,
  "fields": {
    "province": 12,
    "name": "V\u00cdNCES"
  }
},
{
  "model": "user.canton",
  "pk": 130,
  "fields": {
    "province": 12,
    "name": "PALENQUE"
  }
},
{
  "model": "user.canton",
  "pk": 131,
  "fields": {
    "province": 12,
    "name": "BUENA F\u00c9"
  }
},
{
  "model": "user.canton",
  "pk": 132,
  "fields": {
    "province": 12,
    "name": "VALENCIA"
  }
},
{
  "model": "user.canton",
  "pk": 133,
  "fields": {
    "province": 12,
    "name": "MOCACHE"
  }
},
{
  "model": "user.canton",
  "pk": 134,
  "fields": {
    "province": 12,
    "name": "QUINSALOMA"
  }
},
{
  "model": "user.canton",
  "pk": 135,
  "fields": {
    "province": 13,
    "name": "PORTOVIEJO"
  }
},
{
  "model": "user.canton",
  "pk": 136,
  "fields": {
    "province": 13,
    "name": "BOL\u00cdVAR"
  }
},
{
  "model": "user.canton",
  "pk": 137,
  "fields": {
    "province": 13,
    "name": "CHONE"
  }
},
{
  "model": "user.canton",
  "pk": 138,
  "fields": {
    "province": 13,
    "name": "EL CARMEN"
  }
},
{
  "model": "user.canton",
  "pk": 139,
  "fields": {
    "province": 13,
    "name": "FLAVIO ALFARO"
  }
},
{
  "model": "user.canton",
  "pk": 140,
  "fields": {
    "province": 13,
    "name": "JIPIJAPA"
  }
},
{
  "model": "user.canton",
  "pk": 141,
  "fields": {
    "province": 13,
    "name": "JUN\u00cdN"
  }
},
{
  "model": "user.canton",
  "pk": 142,
  "fields": {
    "province": 13,
    "name": "MANTA"
  }
},
{
  "model": "user.canton",
  "pk": 143,
  "fields": {
    "province": 13,
    "name": "MONTECRISTI"
  }
},
{
  "model": "user.canton",
  "pk": 144,
  "fields": {
    "province": 13,
    "name": "PAJ\u00c1N"
  }
},
{
  "model": "user.canton",
  "pk": 145,
  "fields": {
    "province": 13,
    "name": "PICHINCHA"
  }
},
{
  "model": "user.canton",
  "pk": 146,
  "fields": {
    "province": 13,
    "name": "ROCAFUERTE"
  }
},
{
  "model": "user.canton",
  "pk": 147,
  "fields": {
    "province": 13,
    "name": "SANTA ANA"
  }
},
{
  "model": "user.canton",
  "pk": 148,
  "fields": {
    "province": 13,
    "name": "SUCRE"
  }
},
{
  "model": "user.canton",
  "pk": 149,
  "fields": {
    "province": 13,
    "name": "TOSAGUA"
  }
},
{
  "model": "user.canton",
  "pk": 150,
  "fields": {
    "province": 13,
    "name": "24 DE MAYO"
  }
},
{
  "model": "user.canton",
  "pk": 151,
  "fields": {
    "province": 13,
    "name": "PEDERNALES"
  }
},
{
  "model": "user.canton",
  "pk": 152,
  "fields": {
    "province": 13,
    "name": "OLMEDO"
  }
},
{
  "model": "user.canton",
  "pk": 153,
  "fields": {
    "province": 13,
    "name": "PUERTO L\u00d3PEZ"
  }
},
{
  "model": "user.canton",
  "pk": 154,
  "fields": {
    "province": 13,
    "name": "JAMA"
  }
},
{
  "model": "user.canton",
  "pk": 155,
  "fields": {
    "province": 13,
    "name": "JARAMIJ\u00d3"
  }
},
{
  "model": "user.canton",
  "pk": 156,
  "fields": {
    "province": 13,
    "name": "SAN VICENTE"
  }
},
{
  "model": "user.canton",
  "pk": 157,
  "fields": {
    "province": 14,
    "name": "MORONA"
  }
},
{
  "model": "user.canton",
  "pk": 158,
  "fields": {
    "province": 14,
    "name": "GUALAQUIZA"
  }
},
{
  "model": "user.canton",
  "pk": 159,
  "fields": {
    "province": 14,
    "name": "LIM\u00d3N INDANZA"
  }
},
{
  "model": "user.canton",
  "pk": 160,
  "fields": {
    "province": 14,
    "name": "PALORA"
  }
},
{
  "model": "user.canton",
  "pk": 161,
  "fields": {
    "province": 14,
    "name": "SANTIAGO"
  }
},
{
  "model": "user.canton",
  "pk": 162,
  "fields": {
    "province": 14,
    "name": "SUC\u00daA"
  }
},
{
  "model": "user.canton",
  "pk": 163,
  "fields": {
    "province": 14,
    "name": "HUAMBOYA"
  }
},
{
  "model": "user.canton",
  "pk": 164,
  "fields": {
    "province": 14,
    "name": "SAN JUAN BOSCO"
  }
},
{
  "model": "user.canton",
  "pk": 165,
  "fields": {
    "province": 14,
    "name": "TAISHA"
  }
},
{
  "model": "user.canton",
  "pk": 166,
  "fields": {
    "province": 14,
    "name": "LOGRO\u00d1O"
  }
},
{
  "model": "user.canton",
  "pk": 167,
  "fields": {
    "province": 14,
    "name": "PABLO SEXTO"
  }
},
{
  "model": "user.canton",
  "pk": 168,
  "fields": {
    "province": 14,
    "name": "TIWINTZA"
  }
},
{
  "model": "user.canton",
  "pk": 169,
  "fields": {
    "province": 15,
    "name": "TENA"
  }
},
{
  "model": "user.canton",
  "pk": 170,
  "fields": {
    "province": 15,
    "name": "ARCHIDONA"
  }
},
{
  "model": "user.canton",
  "pk": 171,
  "fields": {
    "province": 15,
    "name": "EL CHACO"
  }
},
{
  "model": "user.canton",
  "pk": 172,
  "fields": {
    "province": 15,
    "name": "QUIJOS"
  }
},
{
  "model": "user.canton",
  "pk": 173,
  "fields": {
    "province": 15,
    "name": "ARLOS JULIO AROSEMENA TOL"
  }
},
{
  "model": "user.canton",
  "pk": 174,
  "fields": {
    "province": 16,
    "name": "PASTAZA"
  }
},
{
  "model": "user.canton",
  "pk": 175,
  "fields": {
    "province": 16,
    "name": "MERA"
  }
},
{
  "model": "user.canton",
  "pk": 176,
  "fields": {
    "province": 16,
    "name": "SANTA CLARA"
  }
},
{
  "model": "user.canton",
  "pk": 177,
  "fields": {
    "province": 16,
    "name": "ARAJUNO"
  }
},
{
  "model": "user.canton",
  "pk": 178,
  "fields": {
    "province": 17,
    "name": "QUITO"
  }
},
{
  "model": "user.canton",
  "pk": 179,
  "fields": {
    "province": 17,
    "name": "CAYAMBE"
  }
},
{
  "model": "user.canton",
  "pk": 180,
  "fields": {
    "province": 17,
    "name": "MEJIA"
  }
},
{
  "model": "user.canton",
  "pk": 181,
  "fields": {
    "province": 17,
    "name": "PEDRO MONCAYO"
  }
},
{
  "model": "user.canton",
  "pk": 182,
  "fields": {
    "province": 17,
    "name": "RUMI\u00d1AHUI"
  }
},
{
  "model": "user.canton",
  "pk": 183,
  "fields": {
    "province": 17,
    "name": "SAN MIGUEL DE LOS BANCOS"
  }
},
{
  "model": "user.canton",
  "pk": 184,
  "fields": {
    "province": 17,
    "name": "PEDRO VICENTE MALDONADO"
  }
},
{
  "model": "user.canton",
  "pk": 185,
  "fields": {
    "province": 17,
    "name": "PUERTO QUITO"
  }
},
{
  "model": "user.canton",
  "pk": 186,
  "fields": {
    "province": 18,
    "name": "AMBATO"
  }
},
{
  "model": "user.canton",
  "pk": 187,
  "fields": {
    "province": 18,
    "name": "BA\u00d1OS DE AGUA SANTA"
  }
},
{
  "model": "user.canton",
  "pk": 188,
  "fields": {
    "province": 18,
    "name": "CEVALLOS"
  }
},
{
  "model": "user.canton",
  "pk": 189,
  "fields": {
    "province": 18,
    "name": "MOCHA"
  }
},
{
  "model": "user.canton",
  "pk": 190,
  "fields": {
    "province": 18,
    "name": "PATATE"
  }
},
{
  "model": "user.canton",
  "pk": 191,
  "fields": {
    "province": 18,
    "name": "QUERO"
  }
},
{
  "model": "user.canton",
  "pk": 192,
  "fields": {
    "province": 18,
    "name": "SAN PEDRO DE PELILEO"
  }
},
{
  "model": "user.canton",
  "pk": 193,
  "fields": {
    "province": 18,
    "name": "SANTIAGO DE P\u00cdLLARO"
  }
},
{
  "model": "user.canton",
  "pk": 194,
  "fields": {
    "province": 18,
    "name": "TISALEO"
  }
},
{
  "model": "user.canton",
  "pk": 195,
  "fields": {
    "province": 19,
    "name": "ZAMORA"
  }
},
{
  "model": "user.canton",
  "pk": 196,
  "fields": {
    "province": 19,
    "name": "CHINCHIPE"
  }
},
{
  "model": "user.canton",
  "pk": 197,
  "fields": {
    "province": 19,
    "name": "NANGARITZA"
  }
},
{
  "model": "user.canton",
  "pk": 198,
  "fields": {
    "province": 19,
    "name": "YACUAMBI"
  }
},
{
  "model": "user.canton",
  "pk": 199,
  "fields": {
    "province": 19,
    "name": "YANTZAZA (YANZATZA)"
  }
},
{
  "model": "user.canton",
  "pk": 200,
  "fields": {
    "province": 19,
    "name": "EL PANGUI"
  }
},
{
  "model": "user.canton",
  "pk": 201,
  "fields": {
    "province": 19,
    "name": "CENTINELA DEL C\u00d3NDOR"
  }
},
{
  "model": "user.canton",
  "pk": 202,
  "fields": {
    "province": 19,
    "name": "PALANDA"
  }
},
{
  "model": "user.canton",
  "pk": 203,
  "fields": {
    "province": 19,
    "name": "PAQUISHA"
  }
},
{
  "model": "user.canton",
  "pk": 204,
  "fields": {
    "province": 20,
    "name": "SAN CRIST\u00d3BAL"
  }
},
{
  "model": "user.canton",
  "pk": 205,
  "fields": {
    "province": 20,
    "name": "ISABELA"
  }
},
{
  "model": "user.canton",
  "pk": 206,
  "fields": {
    "province": 20,
    "name": "SANTA CRUZ"
  }
},
{
  "model": "user.canton",
  "pk": 207,
  "fields": {
    "province": 21,
    "name": "LAGO AGRIO"
  }
},
{
  "model": "user.canton",
  "pk": 208,
  "fields": {
    "province": 21,
    "name": "GONZALO PIZARRO"
  }
},
{
  "model": "user.canton",
  "pk": 209,
  "fields": {
    "province": 21,
    "name": "PUTUMAYO"
  }
},
{
  "model": "user.canton",
  "pk": 210,
  "fields": {
    "province": 21,
    "name": "SHUSHUFINDI"
  }
},
{
  "model": "user.canton",
  "pk": 211,
  "fields": {
    "province": 21,
    "name": "SUCUMB\u00cdOS"
  }
},
{
  "model": "user.canton",
  "pk": 212,
  "fields": {
    "province": 21,
    "name": "CASCALES"
  }
},
{
  "model": "user.canton",
  "pk": 213,
  "fields": {
    "province": 21,
    "name": "CUYABENO"
  }
},
{
  "model": "user.canton",
  "pk": 214,
  "fields": {
    "province": 22,
    "name": "ORELLANA"
  }
},
{
  "model": "user.canton",
  "pk": 215,
  "fields": {
    "province": 22,
    "name": "AGUARICO"
  }
},
{
  "model": "user.canton",
  "pk": 216,
  "fields": {
    "province": 22,
    "name": "LA JOYA DE LOS SACHAS"
  }
},
{
  "model": "user.canton",
  "pk": 217,
  "fields": {
    "province": 22,
    "name": "LORETO"
  }
},
{
  "model": "user.canton",
  "pk": 218,
  "fields": {
    "province": 23,
    "name": "SANTO DOMINGO"
  }
},
{
  "model": "user.canton",
  "pk": 219,
  "fields": {
    "province": 24,
    "name": "SANTA ELENA"
  }
},
{
  "model": "user.canton",
  "pk": 220,
  "fields": {
    "province": 24,
    "name": "LA LIBERTAD"
  }
},
{
  "model": "user.canton",
  "pk": 221,
  "fields": {
    "province": 24,
    "name": "SALINAS"
  }
},
{
  "model": "user.canton",
  "pk": 222,
  "fields": {
    "province": 25,
    "name": "LAS GOLONDRINAS"
  }
},
{
  "model": "user.canton",
  "pk": 223,
  "fields": {
    "province": 25,
    "name": "MANGA DEL CURA"
  }
},
{
  "model": "user.canton",
  "pk": 224,
  "fields": {
    "province": 25,
    "name": "EL PIEDRERO"
  }
},
{
  "model": "user.parish",
  "pk": 1,
  "fields": {
    "canton": 1,
    "name": "BELLAVISTA"
  }
},
{
  "model": "user.parish",
  "pk": 2,
  "fields": {
    "canton": 1,
    "name": "CA\u00d1ARIBAMBA"
  }
},
{
  "model": "user.parish",
  "pk": 3,
  "fields": {
    "canton": 1,
    "name": "EL BAT\u00c1N"
  }
},
{
  "model": "user.parish",
  "pk": 4,
  "fields": {
    "canton": 1,
    "name": "EL SAGRARIO"
  }
},
{
  "model": "user.parish",
  "pk": 5,
  "fields": {
    "canton": 1,
    "name": "EL VECINO"
  }
},
{
  "model": "user.parish",
  "pk": 6,
  "fields": {
    "canton": 1,
    "name": "GIL RAM\u00cdREZ D\u00c1VALOS"
  }
},
{
  "model": "user.parish",
  "pk": 7,
  "fields": {
    "canton": 1,
    "name": "HUAYNAC\u00c1PAC"
  }
},
{
  "model": "user.parish",
  "pk": 8,
  "fields": {
    "canton": 1,
    "name": "MACH\u00c1NGARA"
  }
},
{
  "model": "user.parish",
  "pk": 9,
  "fields": {
    "canton": 1,
    "name": "MONAY"
  }
},
{
  "model": "user.parish",
  "pk": 10,
  "fields": {
    "canton": 1,
    "name": "SAN BLAS"
  }
},
{
  "model": "user.parish",
  "pk": 11,
  "fields": {
    "canton": 1,
    "name": "SAN SEBASTI\u00c1N"
  }
},
{
  "model": "user.parish",
  "pk": 12,
  "fields": {
    "canton": 1,
    "name": "SUCRE"
  }
},
{
  "model": "user.parish",
  "pk": 13,
  "fields": {
    "canton": 1,
    "name": "TOTORACOCHA"
  }
},
{
  "model": "user.parish",
  "pk": 14,
  "fields": {
    "canton": 1,
    "name": "YANUNCAY"
  }
},
{
  "model": "user.parish",
  "pk": 15,
  "fields": {
    "canton": 1,
    "name": "HERMANO MIGUEL"
  }
},
{
  "model": "user.parish",
  "pk": 16,
  "fields": {
    "canton": 1,
    "name": "CUENCA"
  }
},
{
  "model": "user.parish",
  "pk": 17,
  "fields": {
    "canton": 1,
    "name": "BA\u00d1OS"
  }
},
{
  "model": "user.parish",
  "pk": 18,
  "fields": {
    "canton": 1,
    "name": "CUMBE"
  }
},
{
  "model": "user.parish",
  "pk": 19,
  "fields": {
    "canton": 1,
    "name": "CHAUCHA"
  }
},
{
  "model": "user.parish",
  "pk": 20,
  "fields": {
    "canton": 1,
    "name": "CHECA (JIDCAY)"
  }
},
{
  "model": "user.parish",
  "pk": 21,
  "fields": {
    "canton": 1,
    "name": "CHIQUINTAD"
  }
},
{
  "model": "user.parish",
  "pk": 22,
  "fields": {
    "canton": 1,
    "name": "LLACAO"
  }
},
{
  "model": "user.parish",
  "pk": 23,
  "fields": {
    "canton": 1,
    "name": "MOLLETURO"
  }
},
{
  "model": "user.parish",
  "pk": 24,
  "fields": {
    "canton": 1,
    "name": "NULTI"
  }
},
{
  "model": "user.parish",
  "pk": 25,
  "fields": {
    "canton": 1,
    "name": "OCTAVIO CORDERO PALACIOS (SANTA ROSA)"
  }
},
{
  "model": "user.parish",
  "pk": 26,
  "fields": {
    "canton": 1,
    "name": "PACCHA"
  }
},
{
  "model": "user.parish",
  "pk": 27,
  "fields": {
    "canton": 1,
    "name": "QUINGEO"
  }
},
{
  "model": "user.parish",
  "pk": 28,
  "fields": {
    "canton": 1,
    "name": "RICAURTE"
  }
},
{
  "model": "user.parish",
  "pk": 29,
  "fields": {
    "canton": 1,
    "name": "SAN JOAQU\u00cdN"
  }
},
{
  "model": "user.parish",
  "pk": 30,
  "fields": {
    "canton": 1,
    "name": "SANTA ANA"
  }
},
{
  "model": "user.parish",
  "pk": 31,
  "fields": {
    "canton": 1,
    "name": "SAYAUS\u00cd"
  }
},
{
  "model": "user.parish",
  "pk": 32,
  "fields": {
    "canton": 1,
    "name": "SIDCAY"
  }
},
{
  "model": "user.parish",
  "pk": 33,
  "fields": {
    "canton": 1,
    "name": "SININCAY"
  }
},
{
  "model": "user.parish",
  "pk": 34,
  "fields": {
    "canton": 1,
    "name": "TARQUI"
  }
},
{
  "model": "user.parish",
  "pk": 35,
  "fields": {
    "canton": 1,
    "name": "TURI"
  }
},
{
  "model": "user.parish",
  "pk": 36,
  "fields": {
    "canton": 1,
    "name": "VALLE"
  }
},
{
  "model": "user.parish",
  "pk": 37,
  "fields": {
    "canton": 1,
    "name": "VICTORIA DEL PORTETE (IRQUIS)"
  }
},
{
  "model": "user.parish",
  "pk": 38,
  "fields": {
    "canton": 2,
    "name": "GIR\u00d3N"
  }
},
{
  "model": "user.parish",
  "pk": 39,
  "fields": {
    "canton": 2,
    "name": "ASUNCI\u00d3N"
  }
},
{
  "model": "user.parish",
  "pk": 40,
  "fields": {
    "canton": 2,
    "name": "SAN GERARDO"
  }
},
{
  "model": "user.parish",
  "pk": 41,
  "fields": {
    "canton": 3,
    "name": "GUALACEO"
  }
},
{
  "model": "user.parish",
  "pk": 42,
  "fields": {
    "canton": 3,
    "name": "CHORDELEG"
  }
},
{
  "model": "user.parish",
  "pk": 43,
  "fields": {
    "canton": 3,
    "name": "DANIEL C\u00d3RDOVA TORAL (EL ORIENTE)"
  }
},
{
  "model": "user.parish",
  "pk": 44,
  "fields": {
    "canton": 3,
    "name": "JAD\u00c1N"
  }
},
{
  "model": "user.parish",
  "pk": 45,
  "fields": {
    "canton": 3,
    "name": "MARIANO MORENO"
  }
},
{
  "model": "user.parish",
  "pk": 46,
  "fields": {
    "canton": 3,
    "name": "PRINCIPAL"
  }
},
{
  "model": "user.parish",
  "pk": 47,
  "fields": {
    "canton": 3,
    "name": "REMIGIO CRESPO TORAL (G\u00daLAG)"
  }
},
{
  "model": "user.parish",
  "pk": 48,
  "fields": {
    "canton": 3,
    "name": "SAN JUAN"
  }
},
{
  "model": "user.parish",
  "pk": 49,
  "fields": {
    "canton": 3,
    "name": "ZHIDMAD"
  }
},
{
  "model": "user.parish",
  "pk": 50,
  "fields": {
    "canton": 3,
    "name": "LUIS CORDERO VEGA"
  }
},
{
  "model": "user.parish",
  "pk": 51,
  "fields": {
    "canton": 3,
    "name": "SIM\u00d3N BOL\u00cdVAR (CAB. EN GA\u00d1ANZOL)"
  }
},
{
  "model": "user.parish",
  "pk": 52,
  "fields": {
    "canton": 4,
    "name": "NAB\u00d3N"
  }
},
{
  "model": "user.parish",
  "pk": 53,
  "fields": {
    "canton": 4,
    "name": "COCHAPATA"
  }
},
{
  "model": "user.parish",
  "pk": 54,
  "fields": {
    "canton": 4,
    "name": "EL PROGRESO (CAB.EN ZHOTA)"
  }
},
{
  "model": "user.parish",
  "pk": 55,
  "fields": {
    "canton": 4,
    "name": "LAS NIEVES (CHAYA)"
  }
},
{
  "model": "user.parish",
  "pk": 56,
  "fields": {
    "canton": 4,
    "name": "O\u00d1A"
  }
},
{
  "model": "user.parish",
  "pk": 57,
  "fields": {
    "canton": 5,
    "name": "PAUTE"
  }
},
{
  "model": "user.parish",
  "pk": 58,
  "fields": {
    "canton": 5,
    "name": "AMALUZA"
  }
},
{
  "model": "user.parish",
  "pk": 59,
  "fields": {
    "canton": 5,
    "name": "BUL\u00c1N (JOS\u00c9 V\u00cdCTOR IZQUIERDO)"
  }
},
{
  "model": "user.parish",
  "pk": 60,
  "fields": {
    "canton": 5,
    "name": "CHIC\u00c1N (GUILLERMO ORTEGA)"
  }
},
{
  "model": "user.parish",
  "pk": 61,
  "fields": {
    "canton": 5,
    "name": "EL CABO"
  }
},
{
  "model": "user.parish",
  "pk": 62,
  "fields": {
    "canton": 5,
    "name": "GUACHAPALA"
  }
},
{
  "model": "user.parish",
  "pk": 63,
  "fields": {
    "canton": 5,
    "name": "GUARAINAG"
  }
},
{
  "model": "user.parish",
  "pk": 64,
  "fields": {
    "canton": 5,
    "name": "PALMAS"
  }
},
{
  "model": "user.parish",
  "pk": 65,
  "fields": {
    "canton": 5,
    "name": "PAN"
  }
},
{
  "model": "user.parish",
  "pk": 66,
  "fields": {
    "canton": 5,
    "name": "SAN CRIST\u00d3BAL (CARLOS ORD\u00d3\u00d1EZ LAZO)"
  }
},
{
  "model": "user.parish",
  "pk": 67,
  "fields": {
    "canton": 5,
    "name": "SEVILLA DE ORO"
  }
},
{
  "model": "user.parish",
  "pk": 68,
  "fields": {
    "canton": 5,
    "name": "TOMEBAMBA"
  }
},
{
  "model": "user.parish",
  "pk": 69,
  "fields": {
    "canton": 5,
    "name": "DUG DUG"
  }
},
{
  "model": "user.parish",
  "pk": 70,
  "fields": {
    "canton": 6,
    "name": "PUCAR\u00c1"
  }
},
{
  "model": "user.parish",
  "pk": 71,
  "fields": {
    "canton": 6,
    "name": "CAMILO PONCE ENR\u00cdQUEZ (CAB. EN R\u00cdO 7 DE MOLLEPONGO"
  }
},
{
  "model": "user.parish",
  "pk": 72,
  "fields": {
    "canton": 6,
    "name": "SAN RAFAEL DE SHARUG"
  }
},
{
  "model": "user.parish",
  "pk": 73,
  "fields": {
    "canton": 7,
    "name": "SAN FERNANDO"
  }
},
{
  "model": "user.parish",
  "pk": 74,
  "fields": {
    "canton": 7,
    "name": "CHUMBL\u00cdN"
  }
},
{
  "model": "user.parish",
  "pk": 75,
  "fields": {
    "canton": 8,
    "name": "SANTA ISABEL (CHAGUARURCO)"
  }
},
{
  "model": "user.parish",
  "pk": 76,
  "fields": {
    "canton": 8,
    "name": "ABD\u00d3N CALDER\u00d3N (LA UNI\u00d3N)"
  }
},
{
  "model": "user.parish",
  "pk": 77,
  "fields": {
    "canton": 8,
    "name": "EL CARMEN DE PIJIL\u00cd"
  }
},
{
  "model": "user.parish",
  "pk": 78,
  "fields": {
    "canton": 8,
    "name": "ZHAGLLI (SHAGLLI)"
  }
},
{
  "model": "user.parish",
  "pk": 79,
  "fields": {
    "canton": 8,
    "name": "SAN SALVADOR DE CA\u00d1ARIBAMBA"
  }
},
{
  "model": "user.parish",
  "pk": 80,
  "fields": {
    "canton": 9,
    "name": "SIGSIG"
  }
},
{
  "model": "user.parish",
  "pk": 81,
  "fields": {
    "canton": 9,
    "name": "CUCHIL (CUTCHIL)"
  }
},
{
  "model": "user.parish",
  "pk": 82,
  "fields": {
    "canton": 9,
    "name": "GIMA"
  }
},
{
  "model": "user.parish",
  "pk": 83,
  "fields": {
    "canton": 9,
    "name": "GUEL"
  }
},
{
  "model": "user.parish",
  "pk": 84,
  "fields": {
    "canton": 9,
    "name": "LUDO"
  }
},
{
  "model": "user.parish",
  "pk": 85,
  "fields": {
    "canton": 9,
    "name": "SAN BARTOLOM\u00c9"
  }
},
{
  "model": "user.parish",
  "pk": 86,
  "fields": {
    "canton": 9,
    "name": "SAN JOS\u00c9 DE RARANGA"
  }
},
{
  "model": "user.parish",
  "pk": 87,
  "fields": {
    "canton": 10,
    "name": "SAN FELIPE DE O\u00d1A CABECERA CANTONAL"
  }
},
{
  "model": "user.parish",
  "pk": 88,
  "fields": {
    "canton": 10,
    "name": "SUSUDEL"
  }
},
{
  "model": "user.parish",
  "pk": 89,
  "fields": {
    "canton": 11,
    "name": "CHORDELEG"
  }
},
{
  "model": "user.parish",
  "pk": 90,
  "fields": {
    "canton": 11,
    "name": "PRINCIPAL"
  }
},
{
  "model": "user.parish",
  "pk": 91,
  "fields": {
    "canton": 11,
    "name": "LA UNI\u00d3N"
  }
},
{
  "model": "user.parish",
  "pk": 92,
  "fields": {
    "canton": 11,
    "name": "LUIS GALARZA ORELLANA (CAB.EN DELEGSOL)"
  }
},
{
  "model": "user.parish",
  "pk": 93,
  "fields": {
    "canton": 11,
    "name": "SAN MART\u00cdN DE PUZHIO"
  }
},
{
  "model": "user.parish",
  "pk": 94,
  "fields": {
    "canton": 12,
    "name": "EL PAN"
  }
},
{
  "model": "user.parish",
  "pk": 95,
  "fields": {
    "canton": 12,
    "name": "AMALUZA"
  }
},
{
  "model": "user.parish",
  "pk": 96,
  "fields": {
    "canton": 12,
    "name": "PALMAS"
  }
},
{
  "model": "user.parish",
  "pk": 97,
  "fields": {
    "canton": 12,
    "name": "SAN VICENTE"
  }
},
{
  "model": "user.parish",
  "pk": 98,
  "fields": {
    "canton": 13,
    "name": "SEVILLA DE ORO"
  }
},
{
  "model": "user.parish",
  "pk": 99,
  "fields": {
    "canton": 13,
    "name": "AMALUZA"
  }
},
{
  "model": "user.parish",
  "pk": 100,
  "fields": {
    "canton": 13,
    "name": "PALMAS"
  }
},
{
  "model": "user.parish",
  "pk": 101,
  "fields": {
    "canton": 14,
    "name": "GUACHAPALA"
  }
},
{
  "model": "user.parish",
  "pk": 102,
  "fields": {
    "canton": 15,
    "name": "CAMILO PONCE ENR\u00cdQUEZ"
  }
},
{
  "model": "user.parish",
  "pk": 103,
  "fields": {
    "canton": 15,
    "name": "EL CARMEN DE PIJIL\u00cd"
  }
},
{
  "model": "user.parish",
  "pk": 104,
  "fields": {
    "canton": 16,
    "name": "\u00c1NGEL POLIBIO CH\u00c1VES"
  }
},
{
  "model": "user.parish",
  "pk": 105,
  "fields": {
    "canton": 16,
    "name": "GABRIEL IGNACIO VEINTIMILLA"
  }
},
{
  "model": "user.parish",
  "pk": 106,
  "fields": {
    "canton": 16,
    "name": "GUANUJO"
  }
},
{
  "model": "user.parish",
  "pk": 107,
  "fields": {
    "canton": 16,
    "name": "GUARANDA"
  }
},
{
  "model": "user.parish",
  "pk": 108,
  "fields": {
    "canton": 16,
    "name": "FACUNDO VELA"
  }
},
{
  "model": "user.parish",
  "pk": 109,
  "fields": {
    "canton": 16,
    "name": "JULIO E. MORENO (CATANAHU\u00c1N GRANDE)"
  }
},
{
  "model": "user.parish",
  "pk": 110,
  "fields": {
    "canton": 16,
    "name": "LAS NAVES"
  }
},
{
  "model": "user.parish",
  "pk": 111,
  "fields": {
    "canton": 16,
    "name": "SALINAS"
  }
},
{
  "model": "user.parish",
  "pk": 112,
  "fields": {
    "canton": 16,
    "name": "SAN LORENZO"
  }
},
{
  "model": "user.parish",
  "pk": 113,
  "fields": {
    "canton": 16,
    "name": "SAN SIM\u00d3N (YACOTO)"
  }
},
{
  "model": "user.parish",
  "pk": 114,
  "fields": {
    "canton": 16,
    "name": "SANTA F\u00c9 (SANTA F\u00c9)"
  }
},
{
  "model": "user.parish",
  "pk": 115,
  "fields": {
    "canton": 16,
    "name": "SIMI\u00c1TUG"
  }
},
{
  "model": "user.parish",
  "pk": 116,
  "fields": {
    "canton": 16,
    "name": "SAN LUIS DE PAMBIL"
  }
},
{
  "model": "user.parish",
  "pk": 117,
  "fields": {
    "canton": 17,
    "name": "CHILLANES"
  }
},
{
  "model": "user.parish",
  "pk": 118,
  "fields": {
    "canton": 17,
    "name": "SAN JOS\u00c9 DEL TAMBO (TAMBOPAMBA)"
  }
},
{
  "model": "user.parish",
  "pk": 119,
  "fields": {
    "canton": 18,
    "name": "SAN JOS\u00c9 DE CHIMBO"
  }
},
{
  "model": "user.parish",
  "pk": 120,
  "fields": {
    "canton": 18,
    "name": "ASUNCI\u00d3N (ASANCOTO)"
  }
},
{
  "model": "user.parish",
  "pk": 121,
  "fields": {
    "canton": 18,
    "name": "CALUMA"
  }
},
{
  "model": "user.parish",
  "pk": 122,
  "fields": {
    "canton": 18,
    "name": "MAGDALENA (CHAPACOTO)"
  }
},
{
  "model": "user.parish",
  "pk": 123,
  "fields": {
    "canton": 18,
    "name": "SAN SEBASTI\u00c1N"
  }
},
{
  "model": "user.parish",
  "pk": 124,
  "fields": {
    "canton": 18,
    "name": "TELIMBELA"
  }
},
{
  "model": "user.parish",
  "pk": 125,
  "fields": {
    "canton": 19,
    "name": "ECHEAND\u00cdA"
  }
},
{
  "model": "user.parish",
  "pk": 126,
  "fields": {
    "canton": 20,
    "name": "SAN MIGUEL"
  }
},
{
  "model": "user.parish",
  "pk": 127,
  "fields": {
    "canton": 20,
    "name": "BALSAPAMBA"
  }
},
{
  "model": "user.parish",
  "pk": 128,
  "fields": {
    "canton": 20,
    "name": "BILOV\u00c1N"
  }
},
{
  "model": "user.parish",
  "pk": 129,
  "fields": {
    "canton": 20,
    "name": "R\u00c9GULO DE MORA"
  }
},
{
  "model": "user.parish",
  "pk": 130,
  "fields": {
    "canton": 20,
    "name": "SAN PABLO (SAN PABLO DE ATENAS)"
  }
},
{
  "model": "user.parish",
  "pk": 131,
  "fields": {
    "canton": 20,
    "name": "SANTIAGO"
  }
},
{
  "model": "user.parish",
  "pk": 132,
  "fields": {
    "canton": 20,
    "name": "SAN VICENTE"
  }
},
{
  "model": "user.parish",
  "pk": 133,
  "fields": {
    "canton": 21,
    "name": "CALUMA"
  }
},
{
  "model": "user.parish",
  "pk": 134,
  "fields": {
    "canton": 22,
    "name": "LAS MERCEDES"
  }
},
{
  "model": "user.parish",
  "pk": 135,
  "fields": {
    "canton": 22,
    "name": "LAS NAVES"
  }
},
{
  "model": "user.parish",
  "pk": 136,
  "fields": {
    "canton": 23,
    "name": "AURELIO BAYAS MART\u00cdNEZ"
  }
},
{
  "model": "user.parish",
  "pk": 137,
  "fields": {
    "canton": 23,
    "name": "AZOGUES"
  }
},
{
  "model": "user.parish",
  "pk": 138,
  "fields": {
    "canton": 23,
    "name": "BORRERO"
  }
},
{
  "model": "user.parish",
  "pk": 139,
  "fields": {
    "canton": 23,
    "name": "SAN FRANCISCO"
  }
},
{
  "model": "user.parish",
  "pk": 140,
  "fields": {
    "canton": 23,
    "name": "COJITAMBO"
  }
},
{
  "model": "user.parish",
  "pk": 141,
  "fields": {
    "canton": 23,
    "name": "D\u00c9LEG"
  }
},
{
  "model": "user.parish",
  "pk": 142,
  "fields": {
    "canton": 23,
    "name": "GUAP\u00c1N"
  }
},
{
  "model": "user.parish",
  "pk": 143,
  "fields": {
    "canton": 23,
    "name": "JAVIER LOYOLA (CHUQUIPATA)"
  }
},
{
  "model": "user.parish",
  "pk": 144,
  "fields": {
    "canton": 23,
    "name": "LUIS CORDERO"
  }
},
{
  "model": "user.parish",
  "pk": 145,
  "fields": {
    "canton": 23,
    "name": "PINDILIG"
  }
},
{
  "model": "user.parish",
  "pk": 146,
  "fields": {
    "canton": 23,
    "name": "RIVERA"
  }
},
{
  "model": "user.parish",
  "pk": 147,
  "fields": {
    "canton": 23,
    "name": "SAN MIGUEL"
  }
},
{
  "model": "user.parish",
  "pk": 148,
  "fields": {
    "canton": 23,
    "name": "SOLANO"
  }
},
{
  "model": "user.parish",
  "pk": 149,
  "fields": {
    "canton": 23,
    "name": "TADAY"
  }
},
{
  "model": "user.parish",
  "pk": 150,
  "fields": {
    "canton": 24,
    "name": "BIBLI\u00c1N"
  }
},
{
  "model": "user.parish",
  "pk": 151,
  "fields": {
    "canton": 24,
    "name": "NAZ\u00d3N (CAB. EN PAMPA DE DOM\u00cdNGUEZ)"
  }
},
{
  "model": "user.parish",
  "pk": 152,
  "fields": {
    "canton": 24,
    "name": "SAN FRANCISCO DE SAGEO"
  }
},
{
  "model": "user.parish",
  "pk": 153,
  "fields": {
    "canton": 24,
    "name": "TURUPAMBA"
  }
},
{
  "model": "user.parish",
  "pk": 154,
  "fields": {
    "canton": 24,
    "name": "JERUSAL\u00c9N"
  }
},
{
  "model": "user.parish",
  "pk": 155,
  "fields": {
    "canton": 25,
    "name": "CA\u00d1AR"
  }
},
{
  "model": "user.parish",
  "pk": 156,
  "fields": {
    "canton": 25,
    "name": "CHONTAMARCA"
  }
},
{
  "model": "user.parish",
  "pk": 157,
  "fields": {
    "canton": 25,
    "name": "CHOROCOPTE"
  }
},
{
  "model": "user.parish",
  "pk": 158,
  "fields": {
    "canton": 25,
    "name": "GENERAL MORALES (SOCARTE)"
  }
},
{
  "model": "user.parish",
  "pk": 159,
  "fields": {
    "canton": 25,
    "name": "GUALLETURO"
  }
},
{
  "model": "user.parish",
  "pk": 160,
  "fields": {
    "canton": 25,
    "name": "HONORATO V\u00c1SQUEZ (TAMBO VIEJO)"
  }
},
{
  "model": "user.parish",
  "pk": 161,
  "fields": {
    "canton": 25,
    "name": "INGAPIRCA"
  }
},
{
  "model": "user.parish",
  "pk": 162,
  "fields": {
    "canton": 25,
    "name": "JUNCAL"
  }
},
{
  "model": "user.parish",
  "pk": 163,
  "fields": {
    "canton": 25,
    "name": "SAN ANTONIO"
  }
},
{
  "model": "user.parish",
  "pk": 164,
  "fields": {
    "canton": 25,
    "name": "SUSCAL"
  }
},
{
  "model": "user.parish",
  "pk": 165,
  "fields": {
    "canton": 25,
    "name": "TAMBO"
  }
},
{
  "model": "user.parish",
  "pk": 166,
  "fields": {
    "canton": 25,
    "name": "ZHUD"
  }
},
{
  "model": "user.parish",
  "pk": 167,
  "fields": {
    "canton": 25,
    "name": "VENTURA"
  }
},
{
  "model": "user.parish",
  "pk": 168,
  "fields": {
    "canton": 25,
    "name": "DUCUR"
  }
},
{
  "model": "user.parish",
  "pk": 169,
  "fields": {
    "canton": 26,
    "name": "LA TRONCAL"
  }
},
{
  "model": "user.parish",
  "pk": 170,
  "fields": {
    "canton": 26,
    "name": "MANUEL J. CALLE"
  }
},
{
  "model": "user.parish",
  "pk": 171,
  "fields": {
    "canton": 26,
    "name": "PANCHO NEGRO"
  }
},
{
  "model": "user.parish",
  "pk": 172,
  "fields": {
    "canton": 27,
    "name": "EL TAMBO"
  }
},
{
  "model": "user.parish",
  "pk": 173,
  "fields": {
    "canton": 28,
    "name": "D\u00c9LEG"
  }
},
{
  "model": "user.parish",
  "pk": 174,
  "fields": {
    "canton": 28,
    "name": "SOLANO"
  }
},
{
  "model": "user.parish",
  "pk": 175,
  "fields": {
    "canton": 29,
    "name": "SUSCAL"
  }
},
{
  "model": "user.parish",
  "pk": 176,
  "fields": {
    "canton": 30,
    "name": "GONZ\u00c1LEZ SU\u00c1REZ"
  }
},
{
  "model": "user.parish",
  "pk": 177,
  "fields": {
    "canton": 30,
    "name": "TULC\u00c1N"
  }
},
{
  "model": "user.parish",
  "pk": 178,
  "fields": {
    "canton": 30,
    "name": "EL CARMELO (EL PUN)"
  }
},
{
  "model": "user.parish",
  "pk": 179,
  "fields": {
    "canton": 30,
    "name": "HUACA"
  }
},
{
  "model": "user.parish",
  "pk": 180,
  "fields": {
    "canton": 30,
    "name": "JULIO ANDRADE (OREJUELA)"
  }
},
{
  "model": "user.parish",
  "pk": 181,
  "fields": {
    "canton": 30,
    "name": "MALDONADO"
  }
},
{
  "model": "user.parish",
  "pk": 182,
  "fields": {
    "canton": 30,
    "name": "PIOTER"
  }
},
{
  "model": "user.parish",
  "pk": 183,
  "fields": {
    "canton": 30,
    "name": "TOBAR DONOSO (LA BOCANA DE CAMUMB\u00cd)"
  }
},
{
  "model": "user.parish",
  "pk": 184,
  "fields": {
    "canton": 30,
    "name": "TUFI\u00d1O"
  }
},
{
  "model": "user.parish",
  "pk": 185,
  "fields": {
    "canton": 30,
    "name": "URBINA (TAYA)"
  }
},
{
  "model": "user.parish",
  "pk": 186,
  "fields": {
    "canton": 30,
    "name": "EL CHICAL"
  }
},
{
  "model": "user.parish",
  "pk": 187,
  "fields": {
    "canton": 30,
    "name": "MARISCAL SUCRE"
  }
},
{
  "model": "user.parish",
  "pk": 188,
  "fields": {
    "canton": 30,
    "name": "SANTA MARTHA DE CUBA"
  }
},
{
  "model": "user.parish",
  "pk": 189,
  "fields": {
    "canton": 31,
    "name": "BOL\u00cdVAR"
  }
},
{
  "model": "user.parish",
  "pk": 190,
  "fields": {
    "canton": 31,
    "name": "GARC\u00cdA MORENO"
  }
},
{
  "model": "user.parish",
  "pk": 191,
  "fields": {
    "canton": 31,
    "name": "LOS ANDES"
  }
},
{
  "model": "user.parish",
  "pk": 192,
  "fields": {
    "canton": 31,
    "name": "MONTE OLIVO"
  }
},
{
  "model": "user.parish",
  "pk": 193,
  "fields": {
    "canton": 31,
    "name": "SAN VICENTE DE PUSIR"
  }
},
{
  "model": "user.parish",
  "pk": 194,
  "fields": {
    "canton": 31,
    "name": "SAN RAFAEL"
  }
},
{
  "model": "user.parish",
  "pk": 195,
  "fields": {
    "canton": 32,
    "name": "EL \u00c1NGEL"
  }
},
{
  "model": "user.parish",
  "pk": 196,
  "fields": {
    "canton": 32,
    "name": "27 DE SEPTIEMBRE"
  }
},
{
  "model": "user.parish",
  "pk": 197,
  "fields": {
    "canton": 32,
    "name": "EL ANGEL"
  }
},
{
  "model": "user.parish",
  "pk": 198,
  "fields": {
    "canton": 32,
    "name": "EL GOALTAL"
  }
},
{
  "model": "user.parish",
  "pk": 199,
  "fields": {
    "canton": 32,
    "name": "LA LIBERTAD (ALIZO)"
  }
},
{
  "model": "user.parish",
  "pk": 200,
  "fields": {
    "canton": 32,
    "name": "SAN ISIDRO"
  }
},
{
  "model": "user.parish",
  "pk": 201,
  "fields": {
    "canton": 33,
    "name": "MIRA (CHONTAHUASI)"
  }
},
{
  "model": "user.parish",
  "pk": 202,
  "fields": {
    "canton": 33,
    "name": "CONCEPCI\u00d3N"
  }
},
{
  "model": "user.parish",
  "pk": 203,
  "fields": {
    "canton": 33,
    "name": "JIJ\u00d3N Y CAAMA\u00d1O (CAB. EN R\u00cdO BLANCO)"
  }
},
{
  "model": "user.parish",
  "pk": 204,
  "fields": {
    "canton": 33,
    "name": "JUAN MONTALVO (SAN IGNACIO DE QUIL)"
  }
},
{
  "model": "user.parish",
  "pk": 205,
  "fields": {
    "canton": 34,
    "name": "GONZ\u00c1LEZ SU\u00c1REZ"
  }
},
{
  "model": "user.parish",
  "pk": 206,
  "fields": {
    "canton": 34,
    "name": "SAN JOS\u00c9"
  }
},
{
  "model": "user.parish",
  "pk": 207,
  "fields": {
    "canton": 34,
    "name": "SAN GABRIEL"
  }
},
{
  "model": "user.parish",
  "pk": 208,
  "fields": {
    "canton": 34,
    "name": "CRIST\u00d3BAL COL\u00d3N"
  }
},
{
  "model": "user.parish",
  "pk": 209,
  "fields": {
    "canton": 34,
    "name": "CHIT\u00c1N DE NAVARRETE"
  }
},
{
  "model": "user.parish",
  "pk": 210,
  "fields": {
    "canton": 34,
    "name": "FERN\u00c1NDEZ SALVADOR"
  }
},
{
  "model": "user.parish",
  "pk": 211,
  "fields": {
    "canton": 34,
    "name": "LA PAZ"
  }
},
{
  "model": "user.parish",
  "pk": 212,
  "fields": {
    "canton": 34,
    "name": "PIARTAL"
  }
},
{
  "model": "user.parish",
  "pk": 213,
  "fields": {
    "canton": 35,
    "name": "HUACA"
  }
},
{
  "model": "user.parish",
  "pk": 214,
  "fields": {
    "canton": 35,
    "name": "MARISCAL SUCRE"
  }
},
{
  "model": "user.parish",
  "pk": 215,
  "fields": {
    "canton": 36,
    "name": "ELOY ALFARO (SAN FELIPE)"
  }
},
{
  "model": "user.parish",
  "pk": 216,
  "fields": {
    "canton": 36,
    "name": "IGNACIO FLORES (PARQUE FLORES)"
  }
},
{
  "model": "user.parish",
  "pk": 217,
  "fields": {
    "canton": 36,
    "name": "JUAN MONTALVO (SAN SEBASTI\u00c1N)"
  }
},
{
  "model": "user.parish",
  "pk": 218,
  "fields": {
    "canton": 36,
    "name": "LA MATRIZ"
  }
},
{
  "model": "user.parish",
  "pk": 219,
  "fields": {
    "canton": 36,
    "name": "SAN BUENAVENTURA"
  }
},
{
  "model": "user.parish",
  "pk": 220,
  "fields": {
    "canton": 36,
    "name": "LATACUNGA"
  }
},
{
  "model": "user.parish",
  "pk": 221,
  "fields": {
    "canton": 36,
    "name": "ALAQUES (AL\u00c1QUEZ)"
  }
},
{
  "model": "user.parish",
  "pk": 222,
  "fields": {
    "canton": 36,
    "name": "BELISARIO QUEVEDO (GUANAIL\u00cdN)"
  }
},
{
  "model": "user.parish",
  "pk": 223,
  "fields": {
    "canton": 36,
    "name": "GUAITACAMA (GUAYTACAMA)"
  }
},
{
  "model": "user.parish",
  "pk": 224,
  "fields": {
    "canton": 36,
    "name": "JOSEGUANGO BAJO"
  }
},
{
  "model": "user.parish",
  "pk": 225,
  "fields": {
    "canton": 36,
    "name": "LAS PAMPAS"
  }
},
{
  "model": "user.parish",
  "pk": 226,
  "fields": {
    "canton": 36,
    "name": "MULAL\u00d3"
  }
},
{
  "model": "user.parish",
  "pk": 227,
  "fields": {
    "canton": 36,
    "name": "11 DE NOVIEMBRE (ILINCHISI)"
  }
},
{
  "model": "user.parish",
  "pk": 228,
  "fields": {
    "canton": 36,
    "name": "POAL\u00d3"
  }
},
{
  "model": "user.parish",
  "pk": 229,
  "fields": {
    "canton": 36,
    "name": "SAN JUAN DE PASTOCALLE"
  }
},
{
  "model": "user.parish",
  "pk": 230,
  "fields": {
    "canton": 36,
    "name": "SIGCHOS"
  }
},
{
  "model": "user.parish",
  "pk": 231,
  "fields": {
    "canton": 36,
    "name": "TANICUCH\u00cd"
  }
},
{
  "model": "user.parish",
  "pk": 232,
  "fields": {
    "canton": 36,
    "name": "TOACASO"
  }
},
{
  "model": "user.parish",
  "pk": 233,
  "fields": {
    "canton": 36,
    "name": "PALO QUEMADO"
  }
},
{
  "model": "user.parish",
  "pk": 234,
  "fields": {
    "canton": 37,
    "name": "EL CARMEN"
  }
},
{
  "model": "user.parish",
  "pk": 235,
  "fields": {
    "canton": 37,
    "name": "LA MAN\u00c1"
  }
},
{
  "model": "user.parish",
  "pk": 236,
  "fields": {
    "canton": 37,
    "name": "EL TRIUNFO"
  }
},
{
  "model": "user.parish",
  "pk": 237,
  "fields": {
    "canton": 37,
    "name": "GUASAGANDA (CAB.EN GUASAGANDA"
  }
},
{
  "model": "user.parish",
  "pk": 238,
  "fields": {
    "canton": 37,
    "name": "PUCAYACU"
  }
},
{
  "model": "user.parish",
  "pk": 239,
  "fields": {
    "canton": 38,
    "name": "EL CORAZ\u00d3N"
  }
},
{
  "model": "user.parish",
  "pk": 240,
  "fields": {
    "canton": 38,
    "name": "MORASPUNGO"
  }
},
{
  "model": "user.parish",
  "pk": 241,
  "fields": {
    "canton": 38,
    "name": "PINLLOPATA"
  }
},
{
  "model": "user.parish",
  "pk": 242,
  "fields": {
    "canton": 38,
    "name": "RAM\u00d3N CAMPA\u00d1A"
  }
},
{
  "model": "user.parish",
  "pk": 243,
  "fields": {
    "canton": 39,
    "name": "PUJIL\u00cd"
  }
},
{
  "model": "user.parish",
  "pk": 244,
  "fields": {
    "canton": 39,
    "name": "ANGAMARCA"
  }
},
{
  "model": "user.parish",
  "pk": 245,
  "fields": {
    "canton": 39,
    "name": "CHUCCHIL\u00c1N (CHUGCHIL\u00c1N)"
  }
},
{
  "model": "user.parish",
  "pk": 246,
  "fields": {
    "canton": 39,
    "name": "GUANGAJE"
  }
},
{
  "model": "user.parish",
  "pk": 247,
  "fields": {
    "canton": 39,
    "name": "ISINLIB\u00cd (ISINLIV\u00cd)"
  }
},
{
  "model": "user.parish",
  "pk": 248,
  "fields": {
    "canton": 39,
    "name": "LA VICTORIA"
  }
},
{
  "model": "user.parish",
  "pk": 249,
  "fields": {
    "canton": 39,
    "name": "PILAL\u00d3"
  }
},
{
  "model": "user.parish",
  "pk": 250,
  "fields": {
    "canton": 39,
    "name": "TINGO"
  }
},
{
  "model": "user.parish",
  "pk": 251,
  "fields": {
    "canton": 39,
    "name": "ZUMBAHUA"
  }
},
{
  "model": "user.parish",
  "pk": 252,
  "fields": {
    "canton": 40,
    "name": "SAN MIGUEL"
  }
},
{
  "model": "user.parish",
  "pk": 253,
  "fields": {
    "canton": 40,
    "name": "ANTONIO JOS\u00c9 HOLGU\u00cdN (SANTA LUC\u00cdA)"
  }
},
{
  "model": "user.parish",
  "pk": 254,
  "fields": {
    "canton": 40,
    "name": "CUSUBAMBA"
  }
},
{
  "model": "user.parish",
  "pk": 255,
  "fields": {
    "canton": 40,
    "name": "MULALILLO"
  }
},
{
  "model": "user.parish",
  "pk": 256,
  "fields": {
    "canton": 40,
    "name": "MULLIQUINDIL (SANTA ANA)"
  }
},
{
  "model": "user.parish",
  "pk": 257,
  "fields": {
    "canton": 40,
    "name": "PANSALEO"
  }
},
{
  "model": "user.parish",
  "pk": 258,
  "fields": {
    "canton": 41,
    "name": "SAQUISIL\u00cd"
  }
},
{
  "model": "user.parish",
  "pk": 259,
  "fields": {
    "canton": 41,
    "name": "CANCHAGUA"
  }
},
{
  "model": "user.parish",
  "pk": 260,
  "fields": {
    "canton": 41,
    "name": "CHANTIL\u00cdN"
  }
},
{
  "model": "user.parish",
  "pk": 261,
  "fields": {
    "canton": 41,
    "name": "COCHAPAMBA"
  }
},
{
  "model": "user.parish",
  "pk": 262,
  "fields": {
    "canton": 42,
    "name": "SIGCHOS"
  }
},
{
  "model": "user.parish",
  "pk": 263,
  "fields": {
    "canton": 42,
    "name": "CHUGCHILL\u00c1N"
  }
},
{
  "model": "user.parish",
  "pk": 264,
  "fields": {
    "canton": 42,
    "name": "ISINLIV\u00cd"
  }
},
{
  "model": "user.parish",
  "pk": 265,
  "fields": {
    "canton": 42,
    "name": "LAS PAMPAS"
  }
},
{
  "model": "user.parish",
  "pk": 266,
  "fields": {
    "canton": 42,
    "name": "PALO QUEMADO"
  }
},
{
  "model": "user.parish",
  "pk": 267,
  "fields": {
    "canton": 43,
    "name": "LIZARZABURU"
  }
},
{
  "model": "user.parish",
  "pk": 268,
  "fields": {
    "canton": 43,
    "name": "MALDONADO"
  }
},
{
  "model": "user.parish",
  "pk": 269,
  "fields": {
    "canton": 43,
    "name": "VELASCO"
  }
},
{
  "model": "user.parish",
  "pk": 270,
  "fields": {
    "canton": 43,
    "name": "VELOZ"
  }
},
{
  "model": "user.parish",
  "pk": 271,
  "fields": {
    "canton": 43,
    "name": "YARUQU\u00cdES"
  }
},
{
  "model": "user.parish",
  "pk": 272,
  "fields": {
    "canton": 43,
    "name": "RIOBAMBA"
  }
},
{
  "model": "user.parish",
  "pk": 273,
  "fields": {
    "canton": 43,
    "name": "CACHA (CAB. EN MACH\u00c1NGARA)"
  }
},
{
  "model": "user.parish",
  "pk": 274,
  "fields": {
    "canton": 43,
    "name": "CALPI"
  }
},
{
  "model": "user.parish",
  "pk": 275,
  "fields": {
    "canton": 43,
    "name": "CUBIJ\u00cdES"
  }
},
{
  "model": "user.parish",
  "pk": 276,
  "fields": {
    "canton": 43,
    "name": "FLORES"
  }
},
{
  "model": "user.parish",
  "pk": 277,
  "fields": {
    "canton": 43,
    "name": "LIC\u00c1N"
  }
},
{
  "model": "user.parish",
  "pk": 278,
  "fields": {
    "canton": 43,
    "name": "LICTO"
  }
},
{
  "model": "user.parish",
  "pk": 279,
  "fields": {
    "canton": 43,
    "name": "PUNGAL\u00c1"
  }
},
{
  "model": "user.parish",
  "pk": 280,
  "fields": {
    "canton": 43,
    "name": "PUN\u00cdN"
  }
},
{
  "model": "user.parish",
  "pk": 281,
  "fields": {
    "canton": 43,
    "name": "QUIMIAG"
  }
},
{
  "model": "user.parish",
  "pk": 282,
  "fields": {
    "canton": 43,
    "name": "SAN JUAN"
  }
},
{
  "model": "user.parish",
  "pk": 283,
  "fields": {
    "canton": 43,
    "name": "SAN LUIS"
  }
},
{
  "model": "user.parish",
  "pk": 284,
  "fields": {
    "canton": 44,
    "name": "ALAUS\u00cd"
  }
},
{
  "model": "user.parish",
  "pk": 285,
  "fields": {
    "canton": 44,
    "name": "ACHUPALLAS"
  }
},
{
  "model": "user.parish",
  "pk": 286,
  "fields": {
    "canton": 44,
    "name": "CUMAND\u00c1"
  }
},
{
  "model": "user.parish",
  "pk": 287,
  "fields": {
    "canton": 44,
    "name": "GUASUNTOS"
  }
},
{
  "model": "user.parish",
  "pk": 288,
  "fields": {
    "canton": 44,
    "name": "HUIGRA"
  }
},
{
  "model": "user.parish",
  "pk": 289,
  "fields": {
    "canton": 44,
    "name": "MULTITUD"
  }
},
{
  "model": "user.parish",
  "pk": 290,
  "fields": {
    "canton": 44,
    "name": "PISTISH\u00cd (NARIZ DEL DIABLO)"
  }
},
{
  "model": "user.parish",
  "pk": 291,
  "fields": {
    "canton": 44,
    "name": "PUMALLACTA"
  }
},
{
  "model": "user.parish",
  "pk": 292,
  "fields": {
    "canton": 44,
    "name": "SEVILLA"
  }
},
{
  "model": "user.parish",
  "pk": 293,
  "fields": {
    "canton": 44,
    "name": "SIBAMBE"
  }
},
{
  "model": "user.parish",
  "pk": 294,
  "fields": {
    "canton": 44,
    "name": "TIX\u00c1N"
  }
},
{
  "model": "user.parish",
  "pk": 295,
  "fields": {
    "canton": 45,
    "name": "CAJABAMBA"
  }
},
{
  "model": "user.parish",
  "pk": 296,
  "fields": {
    "canton": 45,
    "name": "SICALPA"
  }
},
{
  "model": "user.parish",
  "pk": 297,
  "fields": {
    "canton": 45,
    "name": "VILLA LA UNI\u00d3N (CAJABAMBA)"
  }
},
{
  "model": "user.parish",
  "pk": 298,
  "fields": {
    "canton": 45,
    "name": "CA\u00d1I"
  }
},
{
  "model": "user.parish",
  "pk": 299,
  "fields": {
    "canton": 45,
    "name": "COLUMBE"
  }
},
{
  "model": "user.parish",
  "pk": 300,
  "fields": {
    "canton": 45,
    "name": "JUAN DE VELASCO (PANGOR)"
  }
},
{
  "model": "user.parish",
  "pk": 301,
  "fields": {
    "canton": 45,
    "name": "SANTIAGO DE QUITO (CAB. EN SAN ANTONIO DE QUITO)"
  }
},
{
  "model": "user.parish",
  "pk": 302,
  "fields": {
    "canton": 46,
    "name": "CHAMBO"
  }
},
{
  "model": "user.parish",
  "pk": 303,
  "fields": {
    "canton": 47,
    "name": "CHUNCHI"
  }
},
{
  "model": "user.parish",
  "pk": 304,
  "fields": {
    "canton": 47,
    "name": "CAPZOL"
  }
},
{
  "model": "user.parish",
  "pk": 305,
  "fields": {
    "canton": 47,
    "name": "COMPUD"
  }
},
{
  "model": "user.parish",
  "pk": 306,
  "fields": {
    "canton": 47,
    "name": "GONZOL"
  }
},
{
  "model": "user.parish",
  "pk": 307,
  "fields": {
    "canton": 47,
    "name": "LLAGOS"
  }
},
{
  "model": "user.parish",
  "pk": 308,
  "fields": {
    "canton": 48,
    "name": "GUAMOTE"
  }
},
{
  "model": "user.parish",
  "pk": 309,
  "fields": {
    "canton": 48,
    "name": "CEBADAS"
  }
},
{
  "model": "user.parish",
  "pk": 310,
  "fields": {
    "canton": 48,
    "name": "PALMIRA"
  }
},
{
  "model": "user.parish",
  "pk": 311,
  "fields": {
    "canton": 49,
    "name": "EL ROSARIO"
  }
},
{
  "model": "user.parish",
  "pk": 312,
  "fields": {
    "canton": 49,
    "name": "LA MATRIZ"
  }
},
{
  "model": "user.parish",
  "pk": 313,
  "fields": {
    "canton": 49,
    "name": "GUANO"
  }
},
{
  "model": "user.parish",
  "pk": 314,
  "fields": {
    "canton": 49,
    "name": "GUANANDO"
  }
},
{
  "model": "user.parish",
  "pk": 315,
  "fields": {
    "canton": 49,
    "name": "ILAPO"
  }
},
{
  "model": "user.parish",
  "pk": 316,
  "fields": {
    "canton": 49,
    "name": "LA PROVIDENCIA"
  }
},
{
  "model": "user.parish",
  "pk": 317,
  "fields": {
    "canton": 49,
    "name": "SAN ANDR\u00c9S"
  }
},
{
  "model": "user.parish",
  "pk": 318,
  "fields": {
    "canton": 49,
    "name": "SAN GERARDO DE PACAICAGU\u00c1N"
  }
},
{
  "model": "user.parish",
  "pk": 319,
  "fields": {
    "canton": 49,
    "name": "SAN ISIDRO DE PATUL\u00da"
  }
},
{
  "model": "user.parish",
  "pk": 320,
  "fields": {
    "canton": 49,
    "name": "SAN JOS\u00c9 DEL CHAZO"
  }
},
{
  "model": "user.parish",
  "pk": 321,
  "fields": {
    "canton": 49,
    "name": "SANTA F\u00c9 DE GAL\u00c1N"
  }
},
{
  "model": "user.parish",
  "pk": 322,
  "fields": {
    "canton": 49,
    "name": "VALPARA\u00cdSO"
  }
},
{
  "model": "user.parish",
  "pk": 323,
  "fields": {
    "canton": 50,
    "name": "PALLATANGA"
  }
},
{
  "model": "user.parish",
  "pk": 324,
  "fields": {
    "canton": 51,
    "name": "PENIPE"
  }
},
{
  "model": "user.parish",
  "pk": 325,
  "fields": {
    "canton": 51,
    "name": "EL ALTAR"
  }
},
{
  "model": "user.parish",
  "pk": 326,
  "fields": {
    "canton": 51,
    "name": "MATUS"
  }
},
{
  "model": "user.parish",
  "pk": 327,
  "fields": {
    "canton": 51,
    "name": "PUELA"
  }
},
{
  "model": "user.parish",
  "pk": 328,
  "fields": {
    "canton": 51,
    "name": "SAN ANTONIO DE BAYUSHIG"
  }
},
{
  "model": "user.parish",
  "pk": 329,
  "fields": {
    "canton": 51,
    "name": "LA CANDELARIA"
  }
},
{
  "model": "user.parish",
  "pk": 330,
  "fields": {
    "canton": 51,
    "name": "BILBAO (CAB.EN QUILLUYACU)"
  }
},
{
  "model": "user.parish",
  "pk": 331,
  "fields": {
    "canton": 52,
    "name": "CUMAND\u00c1"
  }
},
{
  "model": "user.parish",
  "pk": 332,
  "fields": {
    "canton": 53,
    "name": "LA PROVIDENCIA"
  }
},
{
  "model": "user.parish",
  "pk": 333,
  "fields": {
    "canton": 53,
    "name": "MACHALA"
  }
},
{
  "model": "user.parish",
  "pk": 334,
  "fields": {
    "canton": 53,
    "name": "PUERTO BOL\u00cdVAR"
  }
},
{
  "model": "user.parish",
  "pk": 335,
  "fields": {
    "canton": 53,
    "name": "NUEVE DE MAYO"
  }
},
{
  "model": "user.parish",
  "pk": 336,
  "fields": {
    "canton": 53,
    "name": "EL CAMBIO"
  }
},
{
  "model": "user.parish",
  "pk": 337,
  "fields": {
    "canton": 53,
    "name": "EL RETIRO"
  }
},
{
  "model": "user.parish",
  "pk": 338,
  "fields": {
    "canton": 54,
    "name": "ARENILLAS"
  }
},
{
  "model": "user.parish",
  "pk": 339,
  "fields": {
    "canton": 54,
    "name": "CHACRAS"
  }
},
{
  "model": "user.parish",
  "pk": 340,
  "fields": {
    "canton": 54,
    "name": "LA LIBERTAD"
  }
},
{
  "model": "user.parish",
  "pk": 341,
  "fields": {
    "canton": 54,
    "name": "LAS LAJAS (CAB. EN LA VICTORIA)"
  }
},
{
  "model": "user.parish",
  "pk": 342,
  "fields": {
    "canton": 54,
    "name": "PALMALES"
  }
},
{
  "model": "user.parish",
  "pk": 343,
  "fields": {
    "canton": 54,
    "name": "CARCAB\u00d3N"
  }
},
{
  "model": "user.parish",
  "pk": 344,
  "fields": {
    "canton": 55,
    "name": "PACCHA"
  }
},
{
  "model": "user.parish",
  "pk": 345,
  "fields": {
    "canton": 55,
    "name": "AYAPAMBA"
  }
},
{
  "model": "user.parish",
  "pk": 346,
  "fields": {
    "canton": 55,
    "name": "CORDONCILLO"
  }
},
{
  "model": "user.parish",
  "pk": 347,
  "fields": {
    "canton": 55,
    "name": "MILAGRO"
  }
},
{
  "model": "user.parish",
  "pk": 348,
  "fields": {
    "canton": 55,
    "name": "SAN JOS\u00c9"
  }
},
{
  "model": "user.parish",
  "pk": 349,
  "fields": {
    "canton": 55,
    "name": "SAN JUAN DE CERRO AZUL"
  }
},
{
  "model": "user.parish",
  "pk": 350,
  "fields": {
    "canton": 56,
    "name": "BALSAS"
  }
},
{
  "model": "user.parish",
  "pk": 351,
  "fields": {
    "canton": 56,
    "name": "BELLAMAR\u00cdA"
  }
},
{
  "model": "user.parish",
  "pk": 352,
  "fields": {
    "canton": 57,
    "name": "CHILLA"
  }
},
{
  "model": "user.parish",
  "pk": 353,
  "fields": {
    "canton": 58,
    "name": "EL GUABO"
  }
},
{
  "model": "user.parish",
  "pk": 354,
  "fields": {
    "canton": 58,
    "name": "BARBONES (SUCRE)"
  }
},
{
  "model": "user.parish",
  "pk": 355,
  "fields": {
    "canton": 58,
    "name": "LA IBERIA"
  }
},
{
  "model": "user.parish",
  "pk": 356,
  "fields": {
    "canton": 58,
    "name": "TENDALES (CAB.EN PUERTO TENDALES)"
  }
},
{
  "model": "user.parish",
  "pk": 357,
  "fields": {
    "canton": 58,
    "name": "R\u00cdO BONITO"
  }
},
{
  "model": "user.parish",
  "pk": 358,
  "fields": {
    "canton": 59,
    "name": "ECUADOR"
  }
},
{
  "model": "user.parish",
  "pk": 359,
  "fields": {
    "canton": 59,
    "name": "EL PARA\u00cdSO"
  }
},
{
  "model": "user.parish",
  "pk": 360,
  "fields": {
    "canton": 59,
    "name": "HUALTACO"
  }
},
{
  "model": "user.parish",
  "pk": 361,
  "fields": {
    "canton": 59,
    "name": "MILTON REYES"
  }
},
{
  "model": "user.parish",
  "pk": 362,
  "fields": {
    "canton": 59,
    "name": "UNI\u00d3N LOJANA"
  }
},
{
  "model": "user.parish",
  "pk": 363,
  "fields": {
    "canton": 59,
    "name": "HUAQUILLAS"
  }
},
{
  "model": "user.parish",
  "pk": 364,
  "fields": {
    "canton": 60,
    "name": "MARCABEL\u00cd"
  }
},
{
  "model": "user.parish",
  "pk": 365,
  "fields": {
    "canton": 60,
    "name": "EL INGENIO"
  }
},
{
  "model": "user.parish",
  "pk": 366,
  "fields": {
    "canton": 61,
    "name": "BOL\u00cdVAR"
  }
},
{
  "model": "user.parish",
  "pk": 367,
  "fields": {
    "canton": 61,
    "name": "LOMA DE FRANCO"
  }
},
{
  "model": "user.parish",
  "pk": 368,
  "fields": {
    "canton": 61,
    "name": "OCHOA LE\u00d3N (MATRIZ)"
  }
},
{
  "model": "user.parish",
  "pk": 369,
  "fields": {
    "canton": 61,
    "name": "TRES CERRITOS"
  }
},
{
  "model": "user.parish",
  "pk": 370,
  "fields": {
    "canton": 61,
    "name": "PASAJE"
  }
},
{
  "model": "user.parish",
  "pk": 371,
  "fields": {
    "canton": 61,
    "name": "BUENAVISTA"
  }
},
{
  "model": "user.parish",
  "pk": 372,
  "fields": {
    "canton": 61,
    "name": "CASACAY"
  }
},
{
  "model": "user.parish",
  "pk": 373,
  "fields": {
    "canton": 61,
    "name": "LA PEA\u00d1A"
  }
},
{
  "model": "user.parish",
  "pk": 374,
  "fields": {
    "canton": 61,
    "name": "PROGRESO"
  }
},
{
  "model": "user.parish",
  "pk": 375,
  "fields": {
    "canton": 61,
    "name": "UZHCURRUMI"
  }
},
{
  "model": "user.parish",
  "pk": 376,
  "fields": {
    "canton": 61,
    "name": "CA\u00d1AQUEMADA"
  }
},
{
  "model": "user.parish",
  "pk": 377,
  "fields": {
    "canton": 62,
    "name": "LA MATRIZ"
  }
},
{
  "model": "user.parish",
  "pk": 378,
  "fields": {
    "canton": 62,
    "name": "LA SUSAYA"
  }
},
{
  "model": "user.parish",
  "pk": 379,
  "fields": {
    "canton": 62,
    "name": "PI\u00d1AS GRANDE"
  }
},
{
  "model": "user.parish",
  "pk": 380,
  "fields": {
    "canton": 62,
    "name": "PI\u00d1AS"
  }
},
{
  "model": "user.parish",
  "pk": 381,
  "fields": {
    "canton": 62,
    "name": "CAPIRO (CAB. EN LA CAPILLA DE CAPIRO)"
  }
},
{
  "model": "user.parish",
  "pk": 382,
  "fields": {
    "canton": 62,
    "name": "LA BOCANA"
  }
},
{
  "model": "user.parish",
  "pk": 383,
  "fields": {
    "canton": 62,
    "name": "MOROMORO (CAB. EN EL VADO)"
  }
},
{
  "model": "user.parish",
  "pk": 384,
  "fields": {
    "canton": 62,
    "name": "PIEDRAS"
  }
},
{
  "model": "user.parish",
  "pk": 385,
  "fields": {
    "canton": 62,
    "name": "SAN ROQUE (AMBROSIO MALDONADO)"
  }
},
{
  "model": "user.parish",
  "pk": 386,
  "fields": {
    "canton": 62,
    "name": "SARACAY"
  }
},
{
  "model": "user.parish",
  "pk": 387,
  "fields": {
    "canton": 63,
    "name": "PORTOVELO"
  }
},
{
  "model": "user.parish",
  "pk": 388,
  "fields": {
    "canton": 63,
    "name": "CURTINCAPA"
  }
},
{
  "model": "user.parish",
  "pk": 389,
  "fields": {
    "canton": 63,
    "name": "MORALES"
  }
},
{
  "model": "user.parish",
  "pk": 390,
  "fields": {
    "canton": 63,
    "name": "SALAT\u00cd"
  }
},
{
  "model": "user.parish",
  "pk": 391,
  "fields": {
    "canton": 64,
    "name": "SANTA ROSA"
  }
},
{
  "model": "user.parish",
  "pk": 392,
  "fields": {
    "canton": 64,
    "name": "PUERTO JEL\u00cd"
  }
},
{
  "model": "user.parish",
  "pk": 393,
  "fields": {
    "canton": 64,
    "name": "BALNEARIO JAMBEL\u00cd (SAT\u00c9LITE)"
  }
},
{
  "model": "user.parish",
  "pk": 394,
  "fields": {
    "canton": 64,
    "name": "JUM\u00d3N (SAT\u00c9LITE)"
  }
},
{
  "model": "user.parish",
  "pk": 395,
  "fields": {
    "canton": 64,
    "name": "NUEVO SANTA ROSA"
  }
},
{
  "model": "user.parish",
  "pk": 396,
  "fields": {
    "canton": 64,
    "name": "BELLAVISTA"
  }
},
{
  "model": "user.parish",
  "pk": 397,
  "fields": {
    "canton": 64,
    "name": "JAMBEL\u00cd"
  }
},
{
  "model": "user.parish",
  "pk": 398,
  "fields": {
    "canton": 64,
    "name": "LA AVANZADA"
  }
},
{
  "model": "user.parish",
  "pk": 399,
  "fields": {
    "canton": 64,
    "name": "SAN ANTONIO"
  }
},
{
  "model": "user.parish",
  "pk": 400,
  "fields": {
    "canton": 64,
    "name": "TORATA"
  }
},
{
  "model": "user.parish",
  "pk": 401,
  "fields": {
    "canton": 64,
    "name": "VICTORIA"
  }
},
{
  "model": "user.parish",
  "pk": 402,
  "fields": {
    "canton": 64,
    "name": "BELLAMAR\u00cdA"
  }
},
{
  "model": "user.parish",
  "pk": 403,
  "fields": {
    "canton": 65,
    "name": "ZARUMA"
  }
},
{
  "model": "user.parish",
  "pk": 404,
  "fields": {
    "canton": 65,
    "name": "ABA\u00d1\u00cdN"
  }
},
{
  "model": "user.parish",
  "pk": 405,
  "fields": {
    "canton": 65,
    "name": "ARCAPAMBA"
  }
},
{
  "model": "user.parish",
  "pk": 406,
  "fields": {
    "canton": 65,
    "name": "GUANAZ\u00c1N"
  }
},
{
  "model": "user.parish",
  "pk": 407,
  "fields": {
    "canton": 65,
    "name": "GUIZHAGUI\u00d1A"
  }
},
{
  "model": "user.parish",
  "pk": 408,
  "fields": {
    "canton": 65,
    "name": "HUERTAS"
  }
},
{
  "model": "user.parish",
  "pk": 409,
  "fields": {
    "canton": 65,
    "name": "MALVAS"
  }
},
{
  "model": "user.parish",
  "pk": 410,
  "fields": {
    "canton": 65,
    "name": "MULUNCAY GRANDE"
  }
},
{
  "model": "user.parish",
  "pk": 411,
  "fields": {
    "canton": 65,
    "name": "SINSAO"
  }
},
{
  "model": "user.parish",
  "pk": 412,
  "fields": {
    "canton": 65,
    "name": "SALVIAS"
  }
},
{
  "model": "user.parish",
  "pk": 413,
  "fields": {
    "canton": 66,
    "name": "LA VICTORIA"
  }
},
{
  "model": "user.parish",
  "pk": 414,
  "fields": {
    "canton": 66,
    "name": "PLATANILLOS"
  }
},
{
  "model": "user.parish",
  "pk": 415,
  "fields": {
    "canton": 66,
    "name": "VALLE HERMOSO"
  }
},
{
  "model": "user.parish",
  "pk": 416,
  "fields": {
    "canton": 66,
    "name": "LA LIBERTAD"
  }
},
{
  "model": "user.parish",
  "pk": 417,
  "fields": {
    "canton": 66,
    "name": "EL PARA\u00cdSO"
  }
},
{
  "model": "user.parish",
  "pk": 418,
  "fields": {
    "canton": 66,
    "name": "SAN ISIDRO"
  }
},
{
  "model": "user.parish",
  "pk": 419,
  "fields": {
    "canton": 67,
    "name": "BARTOLOM\u00c9 RUIZ (C\u00c9SAR FRANCO CARRI\u00d3N)"
  }
},
{
  "model": "user.parish",
  "pk": 420,
  "fields": {
    "canton": 67,
    "name": "5 DE AGOSTO"
  }
},
{
  "model": "user.parish",
  "pk": 421,
  "fields": {
    "canton": 67,
    "name": "ESMERALDAS"
  }
},
{
  "model": "user.parish",
  "pk": 422,
  "fields": {
    "canton": 67,
    "name": "LUIS TELLO (LAS PALMAS)"
  }
},
{
  "model": "user.parish",
  "pk": 423,
  "fields": {
    "canton": 67,
    "name": "SIM\u00d3N PLATA TORRES"
  }
},
{
  "model": "user.parish",
  "pk": 424,
  "fields": {
    "canton": 67,
    "name": "ATACAMES"
  }
},
{
  "model": "user.parish",
  "pk": 425,
  "fields": {
    "canton": 67,
    "name": "CAMARONES (CAB. EN SAN VICENTE)"
  }
},
{
  "model": "user.parish",
  "pk": 426,
  "fields": {
    "canton": 67,
    "name": "CRNEL. CARLOS CONCHA TORRES (CAB.EN HUELE)"
  }
},
{
  "model": "user.parish",
  "pk": 427,
  "fields": {
    "canton": 67,
    "name": "CHINCA"
  }
},
{
  "model": "user.parish",
  "pk": 428,
  "fields": {
    "canton": 67,
    "name": "CHONTADURO"
  }
},
{
  "model": "user.parish",
  "pk": 429,
  "fields": {
    "canton": 67,
    "name": "CHUMUND\u00c9"
  }
},
{
  "model": "user.parish",
  "pk": 430,
  "fields": {
    "canton": 67,
    "name": "LAGARTO"
  }
},
{
  "model": "user.parish",
  "pk": 431,
  "fields": {
    "canton": 67,
    "name": "LA UNI\u00d3N"
  }
},
{
  "model": "user.parish",
  "pk": 432,
  "fields": {
    "canton": 67,
    "name": "MAJUA"
  }
},
{
  "model": "user.parish",
  "pk": 433,
  "fields": {
    "canton": 67,
    "name": "MONTALVO (CAB. EN HORQUETA)"
  }
},
{
  "model": "user.parish",
  "pk": 434,
  "fields": {
    "canton": 67,
    "name": "R\u00cdO VERDE"
  }
},
{
  "model": "user.parish",
  "pk": 435,
  "fields": {
    "canton": 67,
    "name": "ROCAFUERTE"
  }
},
{
  "model": "user.parish",
  "pk": 436,
  "fields": {
    "canton": 67,
    "name": "SAN MATEO"
  }
},
{
  "model": "user.parish",
  "pk": 437,
  "fields": {
    "canton": 67,
    "name": "S\u00daA (CAB. EN LA BOCANA)"
  }
},
{
  "model": "user.parish",
  "pk": 438,
  "fields": {
    "canton": 67,
    "name": "TABIAZO"
  }
},
{
  "model": "user.parish",
  "pk": 439,
  "fields": {
    "canton": 67,
    "name": "TACHINA"
  }
},
{
  "model": "user.parish",
  "pk": 440,
  "fields": {
    "canton": 67,
    "name": "TONCHIG\u00dcE"
  }
},
{
  "model": "user.parish",
  "pk": 441,
  "fields": {
    "canton": 67,
    "name": "VUELTA LARGA"
  }
},
{
  "model": "user.parish",
  "pk": 442,
  "fields": {
    "canton": 68,
    "name": "VALDEZ (LIMONES)"
  }
},
{
  "model": "user.parish",
  "pk": 443,
  "fields": {
    "canton": 68,
    "name": "ANCHAYACU"
  }
},
{
  "model": "user.parish",
  "pk": 444,
  "fields": {
    "canton": 68,
    "name": "ATAHUALPA (CAB. EN CAMARONES)"
  }
},
{
  "model": "user.parish",
  "pk": 445,
  "fields": {
    "canton": 68,
    "name": "BORB\u00d3N"
  }
},
{
  "model": "user.parish",
  "pk": 446,
  "fields": {
    "canton": 68,
    "name": "LA TOLA"
  }
},
{
  "model": "user.parish",
  "pk": 447,
  "fields": {
    "canton": 68,
    "name": "LUIS VARGAS TORRES (CAB. EN PLAYA DE ORO)"
  }
},
{
  "model": "user.parish",
  "pk": 448,
  "fields": {
    "canton": 68,
    "name": "MALDONADO"
  }
},
{
  "model": "user.parish",
  "pk": 449,
  "fields": {
    "canton": 68,
    "name": "PAMPANAL DE BOL\u00cdVAR"
  }
},
{
  "model": "user.parish",
  "pk": 450,
  "fields": {
    "canton": 68,
    "name": "SAN FRANCISCO DE ONZOLE"
  }
},
{
  "model": "user.parish",
  "pk": 451,
  "fields": {
    "canton": 68,
    "name": "SANTO DOMINGO DE ONZOLE"
  }
},
{
  "model": "user.parish",
  "pk": 452,
  "fields": {
    "canton": 68,
    "name": "SELVA ALEGRE"
  }
},
{
  "model": "user.parish",
  "pk": 453,
  "fields": {
    "canton": 68,
    "name": "TELEMB\u00cd"
  }
},
{
  "model": "user.parish",
  "pk": 454,
  "fields": {
    "canton": 68,
    "name": "COL\u00d3N ELOY DEL MAR\u00cdA"
  }
},
{
  "model": "user.parish",
  "pk": 455,
  "fields": {
    "canton": 68,
    "name": "SAN JOS\u00c9 DE CAYAPAS"
  }
},
{
  "model": "user.parish",
  "pk": 456,
  "fields": {
    "canton": 68,
    "name": "TIMBIR\u00c9"
  }
},
{
  "model": "user.parish",
  "pk": 457,
  "fields": {
    "canton": 69,
    "name": "MUISNE"
  }
},
{
  "model": "user.parish",
  "pk": 458,
  "fields": {
    "canton": 69,
    "name": "BOL\u00cdVAR"
  }
},
{
  "model": "user.parish",
  "pk": 459,
  "fields": {
    "canton": 69,
    "name": "DAULE"
  }
},
{
  "model": "user.parish",
  "pk": 460,
  "fields": {
    "canton": 69,
    "name": "GALERA"
  }
},
{
  "model": "user.parish",
  "pk": 461,
  "fields": {
    "canton": 69,
    "name": "QUINGUE (OLMEDO PERDOMO FRANCO)"
  }
},
{
  "model": "user.parish",
  "pk": 462,
  "fields": {
    "canton": 69,
    "name": "SALIMA"
  }
},
{
  "model": "user.parish",
  "pk": 463,
  "fields": {
    "canton": 69,
    "name": "SAN FRANCISCO"
  }
},
{
  "model": "user.parish",
  "pk": 464,
  "fields": {
    "canton": 69,
    "name": "SAN GREGORIO"
  }
},
{
  "model": "user.parish",
  "pk": 465,
  "fields": {
    "canton": 69,
    "name": "SAN JOS\u00c9 DE CHAMANGA (CAB.EN CHAMANGA)"
  }
},
{
  "model": "user.parish",
  "pk": 466,
  "fields": {
    "canton": 70,
    "name": "ROSA Z\u00c1RATE (QUININD\u00c9)"
  }
},
{
  "model": "user.parish",
  "pk": 467,
  "fields": {
    "canton": 70,
    "name": "CUBE"
  }
},
{
  "model": "user.parish",
  "pk": 468,
  "fields": {
    "canton": 70,
    "name": "CHURA (CHANCAMA) (CAB. EN EL YERBERO)"
  }
},
{
  "model": "user.parish",
  "pk": 469,
  "fields": {
    "canton": 70,
    "name": "MALIMPIA"
  }
},
{
  "model": "user.parish",
  "pk": 470,
  "fields": {
    "canton": 70,
    "name": "VICHE"
  }
},
{
  "model": "user.parish",
  "pk": 471,
  "fields": {
    "canton": 70,
    "name": "LA UNI\u00d3N"
  }
},
{
  "model": "user.parish",
  "pk": 472,
  "fields": {
    "canton": 71,
    "name": "SAN LORENZO"
  }
},
{
  "model": "user.parish",
  "pk": 473,
  "fields": {
    "canton": 71,
    "name": "ALTO TAMBO (CAB. EN GUADUAL)"
  }
},
{
  "model": "user.parish",
  "pk": 474,
  "fields": {
    "canton": 71,
    "name": "ANC\u00d3N (PICHANGAL) (CAB. EN PALMA REAL)"
  }
},
{
  "model": "user.parish",
  "pk": 475,
  "fields": {
    "canton": 71,
    "name": "CALDER\u00d3N"
  }
},
{
  "model": "user.parish",
  "pk": 476,
  "fields": {
    "canton": 71,
    "name": "CARONDELET"
  }
},
{
  "model": "user.parish",
  "pk": 477,
  "fields": {
    "canton": 71,
    "name": "5 DE JUNIO (CAB. EN UIMBI)"
  }
},
{
  "model": "user.parish",
  "pk": 478,
  "fields": {
    "canton": 71,
    "name": "CONCEPCI\u00d3N"
  }
},
{
  "model": "user.parish",
  "pk": 479,
  "fields": {
    "canton": 71,
    "name": "MATAJE (CAB. EN SANTANDER)"
  }
},
{
  "model": "user.parish",
  "pk": 480,
  "fields": {
    "canton": 71,
    "name": "SAN JAVIER DE CACHAV\u00cd (CAB. EN SAN JAVIER)"
  }
},
{
  "model": "user.parish",
  "pk": 481,
  "fields": {
    "canton": 71,
    "name": "SANTA RITA"
  }
},
{
  "model": "user.parish",
  "pk": 482,
  "fields": {
    "canton": 71,
    "name": "TAMBILLO"
  }
},
{
  "model": "user.parish",
  "pk": 483,
  "fields": {
    "canton": 71,
    "name": "TULULB\u00cd (CAB. EN RICAURTE)"
  }
},
{
  "model": "user.parish",
  "pk": 484,
  "fields": {
    "canton": 71,
    "name": "URBINA"
  }
},
{
  "model": "user.parish",
  "pk": 485,
  "fields": {
    "canton": 72,
    "name": "ATACAMES"
  }
},
{
  "model": "user.parish",
  "pk": 486,
  "fields": {
    "canton": 72,
    "name": "LA UNI\u00d3N"
  }
},
{
  "model": "user.parish",
  "pk": 487,
  "fields": {
    "canton": 72,
    "name": "S\u00daA (CAB. EN LA BOCANA)"
  }
},
{
  "model": "user.parish",
  "pk": 488,
  "fields": {
    "canton": 72,
    "name": "TONCHIG\u00dcE"
  }
},
{
  "model": "user.parish",
  "pk": 489,
  "fields": {
    "canton": 72,
    "name": "TONSUPA"
  }
},
{
  "model": "user.parish",
  "pk": 490,
  "fields": {
    "canton": 73,
    "name": "RIOVERDE"
  }
},
{
  "model": "user.parish",
  "pk": 491,
  "fields": {
    "canton": 73,
    "name": "CHONTADURO"
  }
},
{
  "model": "user.parish",
  "pk": 492,
  "fields": {
    "canton": 73,
    "name": "CHUMUND\u00c9"
  }
},
{
  "model": "user.parish",
  "pk": 493,
  "fields": {
    "canton": 73,
    "name": "LAGARTO"
  }
},
{
  "model": "user.parish",
  "pk": 494,
  "fields": {
    "canton": 73,
    "name": "MONTALVO (CAB. EN HORQUETA)"
  }
},
{
  "model": "user.parish",
  "pk": 495,
  "fields": {
    "canton": 73,
    "name": "ROCAFUERTE"
  }
},
{
  "model": "user.parish",
  "pk": 496,
  "fields": {
    "canton": 74,
    "name": "LA CONCORDIA"
  }
},
{
  "model": "user.parish",
  "pk": 497,
  "fields": {
    "canton": 74,
    "name": "MONTERREY"
  }
},
{
  "model": "user.parish",
  "pk": 498,
  "fields": {
    "canton": 74,
    "name": "LA VILLEGAS"
  }
},
{
  "model": "user.parish",
  "pk": 499,
  "fields": {
    "canton": 74,
    "name": "PLAN PILOTO"
  }
},
{
  "model": "user.parish",
  "pk": 500,
  "fields": {
    "canton": 75,
    "name": "AYACUCHO"
  }
},
{
  "model": "user.parish",
  "pk": 501,
  "fields": {
    "canton": 75,
    "name": "BOL\u00cdVAR (SAGRARIO)"
  }
},
{
  "model": "user.parish",
  "pk": 502,
  "fields": {
    "canton": 75,
    "name": "CARBO (CONCEPCI\u00d3N)"
  }
},
{
  "model": "user.parish",
  "pk": 503,
  "fields": {
    "canton": 75,
    "name": "FEBRES CORDERO"
  }
},
{
  "model": "user.parish",
  "pk": 504,
  "fields": {
    "canton": 75,
    "name": "GARC\u00cdA MORENO"
  }
},
{
  "model": "user.parish",
  "pk": 505,
  "fields": {
    "canton": 75,
    "name": "LETAMENDI"
  }
},
{
  "model": "user.parish",
  "pk": 506,
  "fields": {
    "canton": 75,
    "name": "NUEVE DE OCTUBRE"
  }
},
{
  "model": "user.parish",
  "pk": 507,
  "fields": {
    "canton": 75,
    "name": "OLMEDO (SAN ALEJO)"
  }
},
{
  "model": "user.parish",
  "pk": 508,
  "fields": {
    "canton": 75,
    "name": "ROCA"
  }
},
{
  "model": "user.parish",
  "pk": 509,
  "fields": {
    "canton": 75,
    "name": "ROCAFUERTE"
  }
},
{
  "model": "user.parish",
  "pk": 510,
  "fields": {
    "canton": 75,
    "name": "SUCRE"
  }
},
{
  "model": "user.parish",
  "pk": 511,
  "fields": {
    "canton": 75,
    "name": "TARQUI"
  }
},
{
  "model": "user.parish",
  "pk": 512,
  "fields": {
    "canton": 75,
    "name": "URDANETA"
  }
},
{
  "model": "user.parish",
  "pk": 513,
  "fields": {
    "canton": 75,
    "name": "XIMENA"
  }
},
{
  "model": "user.parish",
  "pk": 514,
  "fields": {
    "canton": 75,
    "name": "PASCUALES"
  }
},
{
  "model": "user.parish",
  "pk": 515,
  "fields": {
    "canton": 75,
    "name": "GUAYAQUIL"
  }
},
{
  "model": "user.parish",
  "pk": 516,
  "fields": {
    "canton": 75,
    "name": "CHONG\u00d3N"
  }
},
{
  "model": "user.parish",
  "pk": 517,
  "fields": {
    "canton": 75,
    "name": "JUAN G\u00d3MEZ REND\u00d3N (PROGRESO)"
  }
},
{
  "model": "user.parish",
  "pk": 518,
  "fields": {
    "canton": 75,
    "name": "MORRO"
  }
},
{
  "model": "user.parish",
  "pk": 519,
  "fields": {
    "canton": 75,
    "name": "PLAYAS (GRAL. VILLAMIL)"
  }
},
{
  "model": "user.parish",
  "pk": 520,
  "fields": {
    "canton": 75,
    "name": "POSORJA"
  }
},
{
  "model": "user.parish",
  "pk": 521,
  "fields": {
    "canton": 75,
    "name": "PUN\u00c1"
  }
},
{
  "model": "user.parish",
  "pk": 522,
  "fields": {
    "canton": 75,
    "name": "TENGUEL"
  }
},
{
  "model": "user.parish",
  "pk": 523,
  "fields": {
    "canton": 76,
    "name": "ALFREDO BAQUERIZO MORENO (JUJ\u00c1N)"
  }
},
{
  "model": "user.parish",
  "pk": 524,
  "fields": {
    "canton": 77,
    "name": "BALAO"
  }
},
{
  "model": "user.parish",
  "pk": 525,
  "fields": {
    "canton": 78,
    "name": "BALZAR"
  }
},
{
  "model": "user.parish",
  "pk": 526,
  "fields": {
    "canton": 79,
    "name": "COLIMES"
  }
},
{
  "model": "user.parish",
  "pk": 527,
  "fields": {
    "canton": 79,
    "name": "SAN JACINTO"
  }
},
{
  "model": "user.parish",
  "pk": 528,
  "fields": {
    "canton": 80,
    "name": "DAULE"
  }
},
{
  "model": "user.parish",
  "pk": 529,
  "fields": {
    "canton": 80,
    "name": "LA AURORA (SAT\u00c9LITE)"
  }
},
{
  "model": "user.parish",
  "pk": 530,
  "fields": {
    "canton": 80,
    "name": "BANIFE"
  }
},
{
  "model": "user.parish",
  "pk": 531,
  "fields": {
    "canton": 80,
    "name": "EMILIANO CAICEDO MARCOS"
  }
},
{
  "model": "user.parish",
  "pk": 532,
  "fields": {
    "canton": 80,
    "name": "MAGRO"
  }
},
{
  "model": "user.parish",
  "pk": 533,
  "fields": {
    "canton": 80,
    "name": "PADRE JUAN BAUTISTA AGUIRRE"
  }
},
{
  "model": "user.parish",
  "pk": 534,
  "fields": {
    "canton": 80,
    "name": "SANTA CLARA"
  }
},
{
  "model": "user.parish",
  "pk": 535,
  "fields": {
    "canton": 80,
    "name": "VICENTE PIEDRAHITA"
  }
},
{
  "model": "user.parish",
  "pk": 536,
  "fields": {
    "canton": 80,
    "name": "ISIDRO AYORA (SOLEDAD)"
  }
},
{
  "model": "user.parish",
  "pk": 537,
  "fields": {
    "canton": 80,
    "name": "JUAN BAUTISTA AGUIRRE (LOS TINTOS)"
  }
},
{
  "model": "user.parish",
  "pk": 538,
  "fields": {
    "canton": 80,
    "name": "LAUREL"
  }
},
{
  "model": "user.parish",
  "pk": 539,
  "fields": {
    "canton": 80,
    "name": "LIMONAL"
  }
},
{
  "model": "user.parish",
  "pk": 540,
  "fields": {
    "canton": 80,
    "name": "LOMAS DE SARGENTILLO"
  }
},
{
  "model": "user.parish",
  "pk": 541,
  "fields": {
    "canton": 80,
    "name": "LOS LOJAS (ENRIQUE BAQUERIZO MORENO)"
  }
},
{
  "model": "user.parish",
  "pk": 542,
  "fields": {
    "canton": 80,
    "name": "PIEDRAHITA (NOBOL)"
  }
},
{
  "model": "user.parish",
  "pk": 543,
  "fields": {
    "canton": 81,
    "name": "ELOY ALFARO (DUR\u00c1N)"
  }
},
{
  "model": "user.parish",
  "pk": 544,
  "fields": {
    "canton": 81,
    "name": "EL RECREO"
  }
},
{
  "model": "user.parish",
  "pk": 545,
  "fields": {
    "canton": 82,
    "name": "VELASCO IBARRA (EL EMPALME)"
  }
},
{
  "model": "user.parish",
  "pk": 546,
  "fields": {
    "canton": 82,
    "name": "GUAYAS (PUEBLO NUEVO)"
  }
},
{
  "model": "user.parish",
  "pk": 547,
  "fields": {
    "canton": 82,
    "name": "EL ROSARIO"
  }
},
{
  "model": "user.parish",
  "pk": 548,
  "fields": {
    "canton": 83,
    "name": "EL TRIUNFO"
  }
},
{
  "model": "user.parish",
  "pk": 549,
  "fields": {
    "canton": 84,
    "name": "MILAGRO"
  }
},
{
  "model": "user.parish",
  "pk": 550,
  "fields": {
    "canton": 84,
    "name": "CHOBO"
  }
},
{
  "model": "user.parish",
  "pk": 551,
  "fields": {
    "canton": 84,
    "name": "GENERAL ELIZALDE (BUCAY)"
  }
},
{
  "model": "user.parish",
  "pk": 552,
  "fields": {
    "canton": 84,
    "name": "MARISCAL SUCRE (HUAQUES)"
  }
},
{
  "model": "user.parish",
  "pk": 553,
  "fields": {
    "canton": 84,
    "name": "ROBERTO ASTUDILLO (CAB. EN CRUCE DE VENECIA)"
  }
},
{
  "model": "user.parish",
  "pk": 554,
  "fields": {
    "canton": 85,
    "name": "NARANJAL"
  }
},
{
  "model": "user.parish",
  "pk": 555,
  "fields": {
    "canton": 85,
    "name": "JES\u00daS MAR\u00cdA"
  }
},
{
  "model": "user.parish",
  "pk": 556,
  "fields": {
    "canton": 85,
    "name": "SAN CARLOS"
  }
},
{
  "model": "user.parish",
  "pk": 557,
  "fields": {
    "canton": 85,
    "name": "SANTA ROSA DE FLANDES"
  }
},
{
  "model": "user.parish",
  "pk": 558,
  "fields": {
    "canton": 85,
    "name": "TAURA"
  }
},
{
  "model": "user.parish",
  "pk": 559,
  "fields": {
    "canton": 86,
    "name": "NARANJITO"
  }
},
{
  "model": "user.parish",
  "pk": 560,
  "fields": {
    "canton": 87,
    "name": "PALESTINA"
  }
},
{
  "model": "user.parish",
  "pk": 561,
  "fields": {
    "canton": 88,
    "name": "PEDRO CARBO"
  }
},
{
  "model": "user.parish",
  "pk": 562,
  "fields": {
    "canton": 88,
    "name": "VALLE DE LA VIRGEN"
  }
},
{
  "model": "user.parish",
  "pk": 563,
  "fields": {
    "canton": 88,
    "name": "SABANILLA"
  }
},
{
  "model": "user.parish",
  "pk": 564,
  "fields": {
    "canton": 89,
    "name": "SAMBOROND\u00d3N"
  }
},
{
  "model": "user.parish",
  "pk": 565,
  "fields": {
    "canton": 89,
    "name": "LA PUNTILLA (SAT\u00c9LITE)"
  }
},
{
  "model": "user.parish",
  "pk": 566,
  "fields": {
    "canton": 89,
    "name": "TARIFA"
  }
},
{
  "model": "user.parish",
  "pk": 567,
  "fields": {
    "canton": 90,
    "name": "SANTA LUC\u00cdA"
  }
},
{
  "model": "user.parish",
  "pk": 568,
  "fields": {
    "canton": 91,
    "name": "BOCANA"
  }
},
{
  "model": "user.parish",
  "pk": 569,
  "fields": {
    "canton": 91,
    "name": "CANDILEJOS"
  }
},
{
  "model": "user.parish",
  "pk": 570,
  "fields": {
    "canton": 91,
    "name": "CENTRAL"
  }
},
{
  "model": "user.parish",
  "pk": 571,
  "fields": {
    "canton": 91,
    "name": "PARA\u00cdSO"
  }
},
{
  "model": "user.parish",
  "pk": 572,
  "fields": {
    "canton": 91,
    "name": "SAN MATEO"
  }
},
{
  "model": "user.parish",
  "pk": 573,
  "fields": {
    "canton": 91,
    "name": "EL SALITRE (LAS RAMAS)"
  }
},
{
  "model": "user.parish",
  "pk": 574,
  "fields": {
    "canton": 91,
    "name": "GRAL. VERNAZA (DOS ESTEROS)"
  }
},
{
  "model": "user.parish",
  "pk": 575,
  "fields": {
    "canton": 91,
    "name": "LA VICTORIA (\u00d1AUZA)"
  }
},
{
  "model": "user.parish",
  "pk": 576,
  "fields": {
    "canton": 91,
    "name": "JUNQUILLAL"
  }
},
{
  "model": "user.parish",
  "pk": 577,
  "fields": {
    "canton": 92,
    "name": "SAN JACINTO DE YAGUACHI"
  }
},
{
  "model": "user.parish",
  "pk": 578,
  "fields": {
    "canton": 92,
    "name": "CRNEL. LORENZO DE GARAICOA (PEDREGAL)"
  }
},
{
  "model": "user.parish",
  "pk": 579,
  "fields": {
    "canton": 92,
    "name": "CRNEL. MARCELINO MARIDUE\u00d1A (SAN CARLOS)"
  }
},
{
  "model": "user.parish",
  "pk": 580,
  "fields": {
    "canton": 92,
    "name": "GRAL. PEDRO J. MONTERO (BOLICHE)"
  }
},
{
  "model": "user.parish",
  "pk": 581,
  "fields": {
    "canton": 92,
    "name": "SIM\u00d3N BOL\u00cdVAR"
  }
},
{
  "model": "user.parish",
  "pk": 582,
  "fields": {
    "canton": 92,
    "name": "YAGUACHI VIEJO (CONE)"
  }
},
{
  "model": "user.parish",
  "pk": 583,
  "fields": {
    "canton": 92,
    "name": "VIRGEN DE F\u00c1TIMA"
  }
},
{
  "model": "user.parish",
  "pk": 584,
  "fields": {
    "canton": 93,
    "name": "GENERAL VILLAMIL (PLAYAS)"
  }
},
{
  "model": "user.parish",
  "pk": 585,
  "fields": {
    "canton": 94,
    "name": "SIM\u00d3N BOL\u00cdVAR"
  }
},
{
  "model": "user.parish",
  "pk": 586,
  "fields": {
    "canton": 94,
    "name": "CRNEL.LORENZO DE GARAICOA (PEDREGAL)"
  }
},
{
  "model": "user.parish",
  "pk": 587,
  "fields": {
    "canton": 95,
    "name": "CORONEL MARCELINO MARIDUE\u00d1A (SAN CARLOS)"
  }
},
{
  "model": "user.parish",
  "pk": 588,
  "fields": {
    "canton": 96,
    "name": "LOMAS DE SARGENTILLO"
  }
},
{
  "model": "user.parish",
  "pk": 589,
  "fields": {
    "canton": 96,
    "name": "ISIDRO AYORA (SOLEDAD)"
  }
},
{
  "model": "user.parish",
  "pk": 590,
  "fields": {
    "canton": 97,
    "name": "NARCISA DE JES\u00daS"
  }
},
{
  "model": "user.parish",
  "pk": 591,
  "fields": {
    "canton": 98,
    "name": "GENERAL ANTONIO ELIZALDE (BUCAY)"
  }
},
{
  "model": "user.parish",
  "pk": 592,
  "fields": {
    "canton": 99,
    "name": "ISIDRO AYORA"
  }
},
{
  "model": "user.parish",
  "pk": 593,
  "fields": {
    "canton": 100,
    "name": "CARANQUI"
  }
},
{
  "model": "user.parish",
  "pk": 594,
  "fields": {
    "canton": 100,
    "name": "GUAYAQUIL DE ALPACHACA"
  }
},
{
  "model": "user.parish",
  "pk": 595,
  "fields": {
    "canton": 100,
    "name": "SAGRARIO"
  }
},
{
  "model": "user.parish",
  "pk": 596,
  "fields": {
    "canton": 100,
    "name": "SAN FRANCISCO"
  }
},
{
  "model": "user.parish",
  "pk": 597,
  "fields": {
    "canton": 100,
    "name": "LA DOLOROSA DEL PRIORATO"
  }
},
{
  "model": "user.parish",
  "pk": 598,
  "fields": {
    "canton": 100,
    "name": "SAN MIGUEL DE IBARRA"
  }
},
{
  "model": "user.parish",
  "pk": 599,
  "fields": {
    "canton": 100,
    "name": "AMBUQU\u00cd"
  }
},
{
  "model": "user.parish",
  "pk": 600,
  "fields": {
    "canton": 100,
    "name": "ANGOCHAGUA"
  }
},
{
  "model": "user.parish",
  "pk": 601,
  "fields": {
    "canton": 100,
    "name": "CAROLINA"
  }
},
{
  "model": "user.parish",
  "pk": 602,
  "fields": {
    "canton": 100,
    "name": "LA ESPERANZA"
  }
},
{
  "model": "user.parish",
  "pk": 603,
  "fields": {
    "canton": 100,
    "name": "LITA"
  }
},
{
  "model": "user.parish",
  "pk": 604,
  "fields": {
    "canton": 100,
    "name": "SALINAS"
  }
},
{
  "model": "user.parish",
  "pk": 605,
  "fields": {
    "canton": 100,
    "name": "SAN ANTONIO"
  }
},
{
  "model": "user.parish",
  "pk": 606,
  "fields": {
    "canton": 101,
    "name": "ANDRADE MAR\u00cdN (LOURDES)"
  }
},
{
  "model": "user.parish",
  "pk": 607,
  "fields": {
    "canton": 101,
    "name": "ATUNTAQUI"
  }
},
{
  "model": "user.parish",
  "pk": 608,
  "fields": {
    "canton": 101,
    "name": "IMBAYA (SAN LUIS DE COBUENDO)"
  }
},
{
  "model": "user.parish",
  "pk": 609,
  "fields": {
    "canton": 101,
    "name": "SAN FRANCISCO DE NATABUELA"
  }
},
{
  "model": "user.parish",
  "pk": 610,
  "fields": {
    "canton": 101,
    "name": "SAN JOS\u00c9 DE CHALTURA"
  }
},
{
  "model": "user.parish",
  "pk": 611,
  "fields": {
    "canton": 101,
    "name": "SAN ROQUE"
  }
},
{
  "model": "user.parish",
  "pk": 612,
  "fields": {
    "canton": 102,
    "name": "SAGRARIO"
  }
},
{
  "model": "user.parish",
  "pk": 613,
  "fields": {
    "canton": 102,
    "name": "SAN FRANCISCO"
  }
},
{
  "model": "user.parish",
  "pk": 614,
  "fields": {
    "canton": 102,
    "name": "COTACACHI"
  }
},
{
  "model": "user.parish",
  "pk": 615,
  "fields": {
    "canton": 102,
    "name": "APUELA"
  }
},
{
  "model": "user.parish",
  "pk": 616,
  "fields": {
    "canton": 102,
    "name": "GARC\u00cdA MORENO (LLURIMAGUA)"
  }
},
{
  "model": "user.parish",
  "pk": 617,
  "fields": {
    "canton": 102,
    "name": "IMANTAG"
  }
},
{
  "model": "user.parish",
  "pk": 618,
  "fields": {
    "canton": 102,
    "name": "PE\u00d1AHERRERA"
  }
},
{
  "model": "user.parish",
  "pk": 619,
  "fields": {
    "canton": 102,
    "name": "PLAZA GUTI\u00c9RREZ (CALVARIO)"
  }
},
{
  "model": "user.parish",
  "pk": 620,
  "fields": {
    "canton": 102,
    "name": "QUIROGA"
  }
},
{
  "model": "user.parish",
  "pk": 621,
  "fields": {
    "canton": 102,
    "name": "6 DE JULIO DE CUELLAJE (CAB. EN CUELLAJE)"
  }
},
{
  "model": "user.parish",
  "pk": 622,
  "fields": {
    "canton": 102,
    "name": "VACAS GALINDO (EL CHURO) (CAB.EN SAN MIGUEL ALTO"
  }
},
{
  "model": "user.parish",
  "pk": 623,
  "fields": {
    "canton": 103,
    "name": "JORD\u00c1N"
  }
},
{
  "model": "user.parish",
  "pk": 624,
  "fields": {
    "canton": 103,
    "name": "SAN LUIS"
  }
},
{
  "model": "user.parish",
  "pk": 625,
  "fields": {
    "canton": 103,
    "name": "OTAVALO"
  }
},
{
  "model": "user.parish",
  "pk": 626,
  "fields": {
    "canton": 103,
    "name": "DR. MIGUEL EGAS CABEZAS (PEGUCHE)"
  }
},
{
  "model": "user.parish",
  "pk": 627,
  "fields": {
    "canton": 103,
    "name": "EUGENIO ESPEJO (CALPAQU\u00cd)"
  }
},
{
  "model": "user.parish",
  "pk": 628,
  "fields": {
    "canton": 103,
    "name": "GONZ\u00c1LEZ SU\u00c1REZ"
  }
},
{
  "model": "user.parish",
  "pk": 629,
  "fields": {
    "canton": 103,
    "name": "PATAQU\u00cd"
  }
},
{
  "model": "user.parish",
  "pk": 630,
  "fields": {
    "canton": 103,
    "name": "SAN JOS\u00c9 DE QUICHINCHE"
  }
},
{
  "model": "user.parish",
  "pk": 631,
  "fields": {
    "canton": 103,
    "name": "SAN JUAN DE ILUM\u00c1N"
  }
},
{
  "model": "user.parish",
  "pk": 632,
  "fields": {
    "canton": 103,
    "name": "SAN PABLO"
  }
},
{
  "model": "user.parish",
  "pk": 633,
  "fields": {
    "canton": 103,
    "name": "SAN RAFAEL"
  }
},
{
  "model": "user.parish",
  "pk": 634,
  "fields": {
    "canton": 103,
    "name": "SELVA ALEGRE (CAB.EN SAN MIGUEL DE PAMPLONA)"
  }
},
{
  "model": "user.parish",
  "pk": 635,
  "fields": {
    "canton": 104,
    "name": "PIMAMPIRO"
  }
},
{
  "model": "user.parish",
  "pk": 636,
  "fields": {
    "canton": 104,
    "name": "CHUG\u00c1"
  }
},
{
  "model": "user.parish",
  "pk": 637,
  "fields": {
    "canton": 104,
    "name": "MARIANO ACOSTA"
  }
},
{
  "model": "user.parish",
  "pk": 638,
  "fields": {
    "canton": 104,
    "name": "SAN FRANCISCO DE SIGSIPAMBA"
  }
},
{
  "model": "user.parish",
  "pk": 639,
  "fields": {
    "canton": 105,
    "name": "URCUQU\u00cd CABECERA CANTONAL"
  }
},
{
  "model": "user.parish",
  "pk": 640,
  "fields": {
    "canton": 105,
    "name": "CAHUASQU\u00cd"
  }
},
{
  "model": "user.parish",
  "pk": 641,
  "fields": {
    "canton": 105,
    "name": "LA MERCED DE BUENOS AIRES"
  }
},
{
  "model": "user.parish",
  "pk": 642,
  "fields": {
    "canton": 105,
    "name": "PABLO ARENAS"
  }
},
{
  "model": "user.parish",
  "pk": 643,
  "fields": {
    "canton": 105,
    "name": "SAN BLAS"
  }
},
{
  "model": "user.parish",
  "pk": 644,
  "fields": {
    "canton": 105,
    "name": "TUMBABIRO"
  }
},
{
  "model": "user.parish",
  "pk": 645,
  "fields": {
    "canton": 106,
    "name": "EL SAGRARIO"
  }
},
{
  "model": "user.parish",
  "pk": 646,
  "fields": {
    "canton": 106,
    "name": "SAN SEBASTI\u00c1N"
  }
},
{
  "model": "user.parish",
  "pk": 647,
  "fields": {
    "canton": 106,
    "name": "SUCRE"
  }
},
{
  "model": "user.parish",
  "pk": 648,
  "fields": {
    "canton": 106,
    "name": "VALLE"
  }
},
{
  "model": "user.parish",
  "pk": 649,
  "fields": {
    "canton": 106,
    "name": "LOJA"
  }
},
{
  "model": "user.parish",
  "pk": 650,
  "fields": {
    "canton": 106,
    "name": "CHANTACO"
  }
},
{
  "model": "user.parish",
  "pk": 651,
  "fields": {
    "canton": 106,
    "name": "CHUQUIRIBAMBA"
  }
},
{
  "model": "user.parish",
  "pk": 652,
  "fields": {
    "canton": 106,
    "name": "EL CISNE"
  }
},
{
  "model": "user.parish",
  "pk": 653,
  "fields": {
    "canton": 106,
    "name": "GUALEL"
  }
},
{
  "model": "user.parish",
  "pk": 654,
  "fields": {
    "canton": 106,
    "name": "JIMBILLA"
  }
},
{
  "model": "user.parish",
  "pk": 655,
  "fields": {
    "canton": 106,
    "name": "MALACATOS (VALLADOLID)"
  }
},
{
  "model": "user.parish",
  "pk": 656,
  "fields": {
    "canton": 106,
    "name": "SAN LUCAS"
  }
},
{
  "model": "user.parish",
  "pk": 657,
  "fields": {
    "canton": 106,
    "name": "SAN PEDRO DE VILCABAMBA"
  }
},
{
  "model": "user.parish",
  "pk": 658,
  "fields": {
    "canton": 106,
    "name": "SANTIAGO"
  }
},
{
  "model": "user.parish",
  "pk": 659,
  "fields": {
    "canton": 106,
    "name": "TAQUIL (MIGUEL RIOFR\u00cdO)"
  }
},
{
  "model": "user.parish",
  "pk": 660,
  "fields": {
    "canton": 106,
    "name": "VILCABAMBA (VICTORIA)"
  }
},
{
  "model": "user.parish",
  "pk": 661,
  "fields": {
    "canton": 106,
    "name": "YANGANA (ARSENIO CASTILLO)"
  }
},
{
  "model": "user.parish",
  "pk": 662,
  "fields": {
    "canton": 106,
    "name": "QUINARA"
  }
},
{
  "model": "user.parish",
  "pk": 663,
  "fields": {
    "canton": 107,
    "name": "CARIAMANGA"
  }
},
{
  "model": "user.parish",
  "pk": 664,
  "fields": {
    "canton": 107,
    "name": "CHILE"
  }
},
{
  "model": "user.parish",
  "pk": 665,
  "fields": {
    "canton": 107,
    "name": "SAN VICENTE"
  }
},
{
  "model": "user.parish",
  "pk": 666,
  "fields": {
    "canton": 107,
    "name": "COLAISACA"
  }
},
{
  "model": "user.parish",
  "pk": 667,
  "fields": {
    "canton": 107,
    "name": "EL LUCERO"
  }
},
{
  "model": "user.parish",
  "pk": 668,
  "fields": {
    "canton": 107,
    "name": "UTUANA"
  }
},
{
  "model": "user.parish",
  "pk": 669,
  "fields": {
    "canton": 107,
    "name": "SANGUILL\u00cdN"
  }
},
{
  "model": "user.parish",
  "pk": 670,
  "fields": {
    "canton": 108,
    "name": "CATAMAYO"
  }
},
{
  "model": "user.parish",
  "pk": 671,
  "fields": {
    "canton": 108,
    "name": "SAN JOS\u00c9"
  }
},
{
  "model": "user.parish",
  "pk": 672,
  "fields": {
    "canton": 108,
    "name": "CATAMAYO (LA TOMA)"
  }
},
{
  "model": "user.parish",
  "pk": 673,
  "fields": {
    "canton": 108,
    "name": "EL TAMBO"
  }
},
{
  "model": "user.parish",
  "pk": 674,
  "fields": {
    "canton": 108,
    "name": "GUAYQUICHUMA"
  }
},
{
  "model": "user.parish",
  "pk": 675,
  "fields": {
    "canton": 108,
    "name": "SAN PEDRO DE LA BENDITA"
  }
},
{
  "model": "user.parish",
  "pk": 676,
  "fields": {
    "canton": 108,
    "name": "ZAMBI"
  }
},
{
  "model": "user.parish",
  "pk": 677,
  "fields": {
    "canton": 109,
    "name": "CELICA"
  }
},
{
  "model": "user.parish",
  "pk": 678,
  "fields": {
    "canton": 109,
    "name": "CRUZPAMBA (CAB. EN CARLOS BUSTAMANTE)"
  }
},
{
  "model": "user.parish",
  "pk": 679,
  "fields": {
    "canton": 109,
    "name": "CHAQUINAL"
  }
},
{
  "model": "user.parish",
  "pk": 680,
  "fields": {
    "canton": 109,
    "name": "12 DE DICIEMBRE (CAB. EN ACHIOTES)"
  }
},
{
  "model": "user.parish",
  "pk": 681,
  "fields": {
    "canton": 109,
    "name": "PINDAL (FEDERICO P\u00c1EZ)"
  }
},
{
  "model": "user.parish",
  "pk": 682,
  "fields": {
    "canton": 109,
    "name": "POZUL (SAN JUAN DE POZUL)"
  }
},
{
  "model": "user.parish",
  "pk": 683,
  "fields": {
    "canton": 109,
    "name": "SABANILLA"
  }
},
{
  "model": "user.parish",
  "pk": 684,
  "fields": {
    "canton": 109,
    "name": "TNTE. MAXIMILIANO RODR\u00cdGUEZ LOAIZA"
  }
},
{
  "model": "user.parish",
  "pk": 685,
  "fields": {
    "canton": 110,
    "name": "CHAGUARPAMBA"
  }
},
{
  "model": "user.parish",
  "pk": 686,
  "fields": {
    "canton": 110,
    "name": "BUENAVISTA"
  }
},
{
  "model": "user.parish",
  "pk": 687,
  "fields": {
    "canton": 110,
    "name": "EL ROSARIO"
  }
},
{
  "model": "user.parish",
  "pk": 688,
  "fields": {
    "canton": 110,
    "name": "SANTA RUFINA"
  }
},
{
  "model": "user.parish",
  "pk": 689,
  "fields": {
    "canton": 110,
    "name": "AMARILLOS"
  }
},
{
  "model": "user.parish",
  "pk": 690,
  "fields": {
    "canton": 111,
    "name": "AMALUZA"
  }
},
{
  "model": "user.parish",
  "pk": 691,
  "fields": {
    "canton": 111,
    "name": "BELLAVISTA"
  }
},
{
  "model": "user.parish",
  "pk": 692,
  "fields": {
    "canton": 111,
    "name": "JIMBURA"
  }
},
{
  "model": "user.parish",
  "pk": 693,
  "fields": {
    "canton": 111,
    "name": "SANTA TERESITA"
  }
},
{
  "model": "user.parish",
  "pk": 694,
  "fields": {
    "canton": 111,
    "name": "27 DE ABRIL (CAB. EN LA NARANJA)"
  }
},
{
  "model": "user.parish",
  "pk": 695,
  "fields": {
    "canton": 111,
    "name": "EL INGENIO"
  }
},
{
  "model": "user.parish",
  "pk": 696,
  "fields": {
    "canton": 111,
    "name": "EL AIRO"
  }
},
{
  "model": "user.parish",
  "pk": 697,
  "fields": {
    "canton": 112,
    "name": "GONZANAM\u00c1"
  }
},
{
  "model": "user.parish",
  "pk": 698,
  "fields": {
    "canton": 112,
    "name": "CHANGAIMINA (LA LIBERTAD)"
  }
},
{
  "model": "user.parish",
  "pk": 699,
  "fields": {
    "canton": 112,
    "name": "FUNDOCHAMBA"
  }
},
{
  "model": "user.parish",
  "pk": 700,
  "fields": {
    "canton": 112,
    "name": "NAMBACOLA"
  }
},
{
  "model": "user.parish",
  "pk": 701,
  "fields": {
    "canton": 112,
    "name": "PURUNUMA (EGUIGUREN)"
  }
},
{
  "model": "user.parish",
  "pk": 702,
  "fields": {
    "canton": 112,
    "name": "QUILANGA (LA PAZ)"
  }
},
{
  "model": "user.parish",
  "pk": 703,
  "fields": {
    "canton": 112,
    "name": "SACAPALCA"
  }
},
{
  "model": "user.parish",
  "pk": 704,
  "fields": {
    "canton": 112,
    "name": "SAN ANTONIO DE LAS ARADAS (CAB. EN LAS ARADAS)"
  }
},
{
  "model": "user.parish",
  "pk": 705,
  "fields": {
    "canton": 113,
    "name": "GENERAL ELOY ALFARO (SAN SEBASTI\u00c1N)"
  }
},
{
  "model": "user.parish",
  "pk": 706,
  "fields": {
    "canton": 113,
    "name": "MACAR\u00c1 (MANUEL ENRIQUE RENGEL SUQUILANDA)"
  }
},
{
  "model": "user.parish",
  "pk": 707,
  "fields": {
    "canton": 113,
    "name": "MACAR\u00c1"
  }
},
{
  "model": "user.parish",
  "pk": 708,
  "fields": {
    "canton": 113,
    "name": "LARAMA"
  }
},
{
  "model": "user.parish",
  "pk": 709,
  "fields": {
    "canton": 113,
    "name": "LA VICTORIA"
  }
},
{
  "model": "user.parish",
  "pk": 710,
  "fields": {
    "canton": 113,
    "name": "SABIANGO (LA CAPILLA)"
  }
},
{
  "model": "user.parish",
  "pk": 711,
  "fields": {
    "canton": 114,
    "name": "CATACOCHA"
  }
},
{
  "model": "user.parish",
  "pk": 712,
  "fields": {
    "canton": 114,
    "name": "LOURDES"
  }
},
{
  "model": "user.parish",
  "pk": 713,
  "fields": {
    "canton": 114,
    "name": "CANGONAM\u00c1"
  }
},
{
  "model": "user.parish",
  "pk": 714,
  "fields": {
    "canton": 114,
    "name": "GUACHANAM\u00c1"
  }
},
{
  "model": "user.parish",
  "pk": 715,
  "fields": {
    "canton": 114,
    "name": "LA TINGUE"
  }
},
{
  "model": "user.parish",
  "pk": 716,
  "fields": {
    "canton": 114,
    "name": "LAURO GUERRERO"
  }
},
{
  "model": "user.parish",
  "pk": 717,
  "fields": {
    "canton": 114,
    "name": "OLMEDO (SANTA B\u00c1RBARA)"
  }
},
{
  "model": "user.parish",
  "pk": 718,
  "fields": {
    "canton": 114,
    "name": "ORIANGA"
  }
},
{
  "model": "user.parish",
  "pk": 719,
  "fields": {
    "canton": 114,
    "name": "SAN ANTONIO"
  }
},
{
  "model": "user.parish",
  "pk": 720,
  "fields": {
    "canton": 114,
    "name": "CASANGA"
  }
},
{
  "model": "user.parish",
  "pk": 721,
  "fields": {
    "canton": 114,
    "name": "YAMANA"
  }
},
{
  "model": "user.parish",
  "pk": 722,
  "fields": {
    "canton": 115,
    "name": "ALAMOR"
  }
},
{
  "model": "user.parish",
  "pk": 723,
  "fields": {
    "canton": 115,
    "name": "CIANO"
  }
},
{
  "model": "user.parish",
  "pk": 724,
  "fields": {
    "canton": 115,
    "name": "EL ARENAL"
  }
},
{
  "model": "user.parish",
  "pk": 725,
  "fields": {
    "canton": 115,
    "name": "EL LIMO (MARIANA DE JES\u00daS)"
  }
},
{
  "model": "user.parish",
  "pk": 726,
  "fields": {
    "canton": 115,
    "name": "MERCADILLO"
  }
},
{
  "model": "user.parish",
  "pk": 727,
  "fields": {
    "canton": 115,
    "name": "VICENTINO"
  }
},
{
  "model": "user.parish",
  "pk": 728,
  "fields": {
    "canton": 116,
    "name": "SARAGURO"
  }
},
{
  "model": "user.parish",
  "pk": 729,
  "fields": {
    "canton": 116,
    "name": "EL PARA\u00cdSO DE CEL\u00c9N"
  }
},
{
  "model": "user.parish",
  "pk": 730,
  "fields": {
    "canton": 116,
    "name": "EL TABL\u00d3N"
  }
},
{
  "model": "user.parish",
  "pk": 731,
  "fields": {
    "canton": 116,
    "name": "LLUZHAPA"
  }
},
{
  "model": "user.parish",
  "pk": 732,
  "fields": {
    "canton": 116,
    "name": "MAN\u00da"
  }
},
{
  "model": "user.parish",
  "pk": 733,
  "fields": {
    "canton": 116,
    "name": "SAN ANTONIO DE QUMBE (CUMBE)"
  }
},
{
  "model": "user.parish",
  "pk": 734,
  "fields": {
    "canton": 116,
    "name": "SAN PABLO DE TENTA"
  }
},
{
  "model": "user.parish",
  "pk": 735,
  "fields": {
    "canton": 116,
    "name": "SAN SEBASTI\u00c1N DE Y\u00daLUC"
  }
},
{
  "model": "user.parish",
  "pk": 736,
  "fields": {
    "canton": 116,
    "name": "SELVA ALEGRE"
  }
},
{
  "model": "user.parish",
  "pk": 737,
  "fields": {
    "canton": 116,
    "name": "URDANETA (PAQUISHAPA)"
  }
},
{
  "model": "user.parish",
  "pk": 738,
  "fields": {
    "canton": 116,
    "name": "SUMAYPAMBA"
  }
},
{
  "model": "user.parish",
  "pk": 739,
  "fields": {
    "canton": 117,
    "name": "SOZORANGA"
  }
},
{
  "model": "user.parish",
  "pk": 740,
  "fields": {
    "canton": 117,
    "name": "NUEVA F\u00c1TIMA"
  }
},
{
  "model": "user.parish",
  "pk": 741,
  "fields": {
    "canton": 117,
    "name": "TACAMOROS"
  }
},
{
  "model": "user.parish",
  "pk": 742,
  "fields": {
    "canton": 118,
    "name": "ZAPOTILLO"
  }
},
{
  "model": "user.parish",
  "pk": 743,
  "fields": {
    "canton": 118,
    "name": "MANGAHURCO (CAZADEROS)"
  }
},
{
  "model": "user.parish",
  "pk": 744,
  "fields": {
    "canton": 118,
    "name": "GARZAREAL"
  }
},
{
  "model": "user.parish",
  "pk": 745,
  "fields": {
    "canton": 118,
    "name": "LIMONES"
  }
},
{
  "model": "user.parish",
  "pk": 746,
  "fields": {
    "canton": 118,
    "name": "PALETILLAS"
  }
},
{
  "model": "user.parish",
  "pk": 747,
  "fields": {
    "canton": 118,
    "name": "BOLASPAMBA"
  }
},
{
  "model": "user.parish",
  "pk": 748,
  "fields": {
    "canton": 119,
    "name": "PINDAL"
  }
},
{
  "model": "user.parish",
  "pk": 749,
  "fields": {
    "canton": 119,
    "name": "CHAQUINAL"
  }
},
{
  "model": "user.parish",
  "pk": 750,
  "fields": {
    "canton": 119,
    "name": "12 DE DICIEMBRE (CAB.EN ACHIOTES)"
  }
},
{
  "model": "user.parish",
  "pk": 751,
  "fields": {
    "canton": 119,
    "name": "MILAGROS"
  }
},
{
  "model": "user.parish",
  "pk": 752,
  "fields": {
    "canton": 120,
    "name": "QUILANGA"
  }
},
{
  "model": "user.parish",
  "pk": 753,
  "fields": {
    "canton": 120,
    "name": "FUNDOCHAMBA"
  }
},
{
  "model": "user.parish",
  "pk": 754,
  "fields": {
    "canton": 120,
    "name": "SAN ANTONIO DE LAS ARADAS (CAB. EN LAS ARADAS)"
  }
},
{
  "model": "user.parish",
  "pk": 755,
  "fields": {
    "canton": 121,
    "name": "OLMEDO"
  }
},
{
  "model": "user.parish",
  "pk": 756,
  "fields": {
    "canton": 121,
    "name": "LA TINGUE"
  }
},
{
  "model": "user.parish",
  "pk": 757,
  "fields": {
    "canton": 122,
    "name": "CLEMENTE BAQUERIZO"
  }
},
{
  "model": "user.parish",
  "pk": 758,
  "fields": {
    "canton": 122,
    "name": "DR. CAMILO PONCE"
  }
},
{
  "model": "user.parish",
  "pk": 759,
  "fields": {
    "canton": 122,
    "name": "BARREIRO"
  }
},
{
  "model": "user.parish",
  "pk": 760,
  "fields": {
    "canton": 122,
    "name": "EL SALTO"
  }
},
{
  "model": "user.parish",
  "pk": 761,
  "fields": {
    "canton": 122,
    "name": "BABAHOYO"
  }
},
{
  "model": "user.parish",
  "pk": 762,
  "fields": {
    "canton": 122,
    "name": "BARREIRO (SANTA RITA)"
  }
},
{
  "model": "user.parish",
  "pk": 763,
  "fields": {
    "canton": 122,
    "name": "CARACOL"
  }
},
{
  "model": "user.parish",
  "pk": 764,
  "fields": {
    "canton": 122,
    "name": "FEBRES CORDERO (LAS JUNTAS)"
  }
},
{
  "model": "user.parish",
  "pk": 765,
  "fields": {
    "canton": 122,
    "name": "PIMOCHA"
  }
},
{
  "model": "user.parish",
  "pk": 766,
  "fields": {
    "canton": 122,
    "name": "LA UNI\u00d3N"
  }
},
{
  "model": "user.parish",
  "pk": 767,
  "fields": {
    "canton": 123,
    "name": "BABA"
  }
},
{
  "model": "user.parish",
  "pk": 768,
  "fields": {
    "canton": 123,
    "name": "GUARE"
  }
},
{
  "model": "user.parish",
  "pk": 769,
  "fields": {
    "canton": 123,
    "name": "ISLA DE BEJUCAL"
  }
},
{
  "model": "user.parish",
  "pk": 770,
  "fields": {
    "canton": 124,
    "name": "MONTALVO"
  }
},
{
  "model": "user.parish",
  "pk": 771,
  "fields": {
    "canton": 125,
    "name": "PUEBLOVIEJO"
  }
},
{
  "model": "user.parish",
  "pk": 772,
  "fields": {
    "canton": 125,
    "name": "PUERTO PECHICHE"
  }
},
{
  "model": "user.parish",
  "pk": 773,
  "fields": {
    "canton": 125,
    "name": "SAN JUAN"
  }
},
{
  "model": "user.parish",
  "pk": 774,
  "fields": {
    "canton": 126,
    "name": "QUEVEDO"
  }
},
{
  "model": "user.parish",
  "pk": 775,
  "fields": {
    "canton": 126,
    "name": "SAN CAMILO"
  }
},
{
  "model": "user.parish",
  "pk": 776,
  "fields": {
    "canton": 126,
    "name": "SAN JOS\u00c9"
  }
},
{
  "model": "user.parish",
  "pk": 777,
  "fields": {
    "canton": 126,
    "name": "GUAYAC\u00c1N"
  }
},
{
  "model": "user.parish",
  "pk": 778,
  "fields": {
    "canton": 126,
    "name": "NICOL\u00c1S INFANTE D\u00cdAZ"
  }
},
{
  "model": "user.parish",
  "pk": 779,
  "fields": {
    "canton": 126,
    "name": "SAN CRIST\u00d3BAL"
  }
},
{
  "model": "user.parish",
  "pk": 780,
  "fields": {
    "canton": 126,
    "name": "SIETE DE OCTUBRE"
  }
},
{
  "model": "user.parish",
  "pk": 781,
  "fields": {
    "canton": 126,
    "name": "24 DE MAYO"
  }
},
{
  "model": "user.parish",
  "pk": 782,
  "fields": {
    "canton": 126,
    "name": "VENUS DEL R\u00cdO QUEVEDO"
  }
},
{
  "model": "user.parish",
  "pk": 783,
  "fields": {
    "canton": 126,
    "name": "VIVA ALFARO"
  }
},
{
  "model": "user.parish",
  "pk": 784,
  "fields": {
    "canton": 126,
    "name": "BUENA F\u00c9"
  }
},
{
  "model": "user.parish",
  "pk": 785,
  "fields": {
    "canton": 126,
    "name": "MOCACHE"
  }
},
{
  "model": "user.parish",
  "pk": 786,
  "fields": {
    "canton": 126,
    "name": "SAN CARLOS"
  }
},
{
  "model": "user.parish",
  "pk": 787,
  "fields": {
    "canton": 126,
    "name": "VALENCIA"
  }
},
{
  "model": "user.parish",
  "pk": 788,
  "fields": {
    "canton": 126,
    "name": "LA ESPERANZA"
  }
},
{
  "model": "user.parish",
  "pk": 789,
  "fields": {
    "canton": 127,
    "name": "CATARAMA"
  }
},
{
  "model": "user.parish",
  "pk": 790,
  "fields": {
    "canton": 127,
    "name": "RICAURTE"
  }
},
{
  "model": "user.parish",
  "pk": 791,
  "fields": {
    "canton": 128,
    "name": "10 DE NOVIEMBRE"
  }
},
{
  "model": "user.parish",
  "pk": 792,
  "fields": {
    "canton": 128,
    "name": "VENTANAS"
  }
},
{
  "model": "user.parish",
  "pk": 793,
  "fields": {
    "canton": 128,
    "name": "QUINSALOMA"
  }
},
{
  "model": "user.parish",
  "pk": 794,
  "fields": {
    "canton": 128,
    "name": "ZAPOTAL"
  }
},
{
  "model": "user.parish",
  "pk": 795,
  "fields": {
    "canton": 128,
    "name": "CHACARITA"
  }
},
{
  "model": "user.parish",
  "pk": 796,
  "fields": {
    "canton": 128,
    "name": "LOS \u00c1NGELES"
  }
},
{
  "model": "user.parish",
  "pk": 797,
  "fields": {
    "canton": 129,
    "name": "VINCES"
  }
},
{
  "model": "user.parish",
  "pk": 798,
  "fields": {
    "canton": 129,
    "name": "ANTONIO SOTOMAYOR (CAB. EN PLAYAS DE VINCES)"
  }
},
{
  "model": "user.parish",
  "pk": 799,
  "fields": {
    "canton": 129,
    "name": "PALENQUE"
  }
},
{
  "model": "user.parish",
  "pk": 800,
  "fields": {
    "canton": 130,
    "name": "PALENQUE"
  }
},
{
  "model": "user.parish",
  "pk": 801,
  "fields": {
    "canton": 131,
    "name": "SAN JACINTO DE BUENA F\u00c9"
  }
},
{
  "model": "user.parish",
  "pk": 802,
  "fields": {
    "canton": 131,
    "name": "7 DE AGOSTO"
  }
},
{
  "model": "user.parish",
  "pk": 803,
  "fields": {
    "canton": 131,
    "name": "11 DE OCTUBRE"
  }
},
{
  "model": "user.parish",
  "pk": 804,
  "fields": {
    "canton": 131,
    "name": "PATRICIA PILAR"
  }
},
{
  "model": "user.parish",
  "pk": 805,
  "fields": {
    "canton": 132,
    "name": "VALENCIA"
  }
},
{
  "model": "user.parish",
  "pk": 806,
  "fields": {
    "canton": 133,
    "name": "MOCACHE"
  }
},
{
  "model": "user.parish",
  "pk": 807,
  "fields": {
    "canton": 134,
    "name": "QUINSALOMA"
  }
},
{
  "model": "user.parish",
  "pk": 808,
  "fields": {
    "canton": 135,
    "name": "PORTOVIEJO"
  }
},
{
  "model": "user.parish",
  "pk": 809,
  "fields": {
    "canton": 135,
    "name": "12 DE MARZO"
  }
},
{
  "model": "user.parish",
  "pk": 810,
  "fields": {
    "canton": 135,
    "name": "COL\u00d3N"
  }
},
{
  "model": "user.parish",
  "pk": 811,
  "fields": {
    "canton": 135,
    "name": "PICOAZ\u00c1"
  }
},
{
  "model": "user.parish",
  "pk": 812,
  "fields": {
    "canton": 135,
    "name": "SAN PABLO"
  }
},
{
  "model": "user.parish",
  "pk": 813,
  "fields": {
    "canton": 135,
    "name": "ANDR\u00c9S DE VERA"
  }
},
{
  "model": "user.parish",
  "pk": 814,
  "fields": {
    "canton": 135,
    "name": "FRANCISCO PACHECO"
  }
},
{
  "model": "user.parish",
  "pk": 815,
  "fields": {
    "canton": 135,
    "name": "18 DE OCTUBRE"
  }
},
{
  "model": "user.parish",
  "pk": 816,
  "fields": {
    "canton": 135,
    "name": "SIM\u00d3N BOL\u00cdVAR"
  }
},
{
  "model": "user.parish",
  "pk": 817,
  "fields": {
    "canton": 135,
    "name": "ABD\u00d3N CALDER\u00d3N (SAN FRANCISCO)"
  }
},
{
  "model": "user.parish",
  "pk": 818,
  "fields": {
    "canton": 135,
    "name": "ALHAJUELA (BAJO GRANDE)"
  }
},
{
  "model": "user.parish",
  "pk": 819,
  "fields": {
    "canton": 135,
    "name": "CRUCITA"
  }
},
{
  "model": "user.parish",
  "pk": 820,
  "fields": {
    "canton": 135,
    "name": "PUEBLO NUEVO"
  }
},
{
  "model": "user.parish",
  "pk": 821,
  "fields": {
    "canton": 135,
    "name": "RIOCHICO (R\u00cdO CHICO)"
  }
},
{
  "model": "user.parish",
  "pk": 822,
  "fields": {
    "canton": 135,
    "name": "SAN PL\u00c1CIDO"
  }
},
{
  "model": "user.parish",
  "pk": 823,
  "fields": {
    "canton": 135,
    "name": "CHIRIJOS"
  }
},
{
  "model": "user.parish",
  "pk": 824,
  "fields": {
    "canton": 136,
    "name": "CALCETA"
  }
},
{
  "model": "user.parish",
  "pk": 825,
  "fields": {
    "canton": 136,
    "name": "MEMBRILLO"
  }
},
{
  "model": "user.parish",
  "pk": 826,
  "fields": {
    "canton": 136,
    "name": "QUIROGA"
  }
},
{
  "model": "user.parish",
  "pk": 827,
  "fields": {
    "canton": 137,
    "name": "CHONE"
  }
},
{
  "model": "user.parish",
  "pk": 828,
  "fields": {
    "canton": 137,
    "name": "SANTA RITA"
  }
},
{
  "model": "user.parish",
  "pk": 829,
  "fields": {
    "canton": 137,
    "name": "BOYAC\u00c1"
  }
},
{
  "model": "user.parish",
  "pk": 830,
  "fields": {
    "canton": 137,
    "name": "CANUTO"
  }
},
{
  "model": "user.parish",
  "pk": 831,
  "fields": {
    "canton": 137,
    "name": "CONVENTO"
  }
},
{
  "model": "user.parish",
  "pk": 832,
  "fields": {
    "canton": 137,
    "name": "CHIBUNGA"
  }
},
{
  "model": "user.parish",
  "pk": 833,
  "fields": {
    "canton": 137,
    "name": "ELOY ALFARO"
  }
},
{
  "model": "user.parish",
  "pk": 834,
  "fields": {
    "canton": 137,
    "name": "RICAURTE"
  }
},
{
  "model": "user.parish",
  "pk": 835,
  "fields": {
    "canton": 137,
    "name": "SAN ANTONIO"
  }
},
{
  "model": "user.parish",
  "pk": 836,
  "fields": {
    "canton": 138,
    "name": "EL CARMEN"
  }
},
{
  "model": "user.parish",
  "pk": 837,
  "fields": {
    "canton": 138,
    "name": "4 DE DICIEMBRE"
  }
},
{
  "model": "user.parish",
  "pk": 838,
  "fields": {
    "canton": 138,
    "name": "WILFRIDO LOOR MOREIRA (MAICITO)"
  }
},
{
  "model": "user.parish",
  "pk": 839,
  "fields": {
    "canton": 138,
    "name": "SAN PEDRO DE SUMA"
  }
},
{
  "model": "user.parish",
  "pk": 840,
  "fields": {
    "canton": 139,
    "name": "FLAVIO ALFARO"
  }
},
{
  "model": "user.parish",
  "pk": 841,
  "fields": {
    "canton": 139,
    "name": "SAN FRANCISCO DE NOVILLO (CAB. EN"
  }
},
{
  "model": "user.parish",
  "pk": 842,
  "fields": {
    "canton": 139,
    "name": "ZAPALLO"
  }
},
{
  "model": "user.parish",
  "pk": 843,
  "fields": {
    "canton": 140,
    "name": "DR. MIGUEL MOR\u00c1N LUCIO"
  }
},
{
  "model": "user.parish",
  "pk": 844,
  "fields": {
    "canton": 140,
    "name": "MANUEL INOCENCIO PARRALES Y GUALE"
  }
},
{
  "model": "user.parish",
  "pk": 845,
  "fields": {
    "canton": 140,
    "name": "SAN LORENZO DE JIPIJAPA"
  }
},
{
  "model": "user.parish",
  "pk": 846,
  "fields": {
    "canton": 140,
    "name": "JIPIJAPA"
  }
},
{
  "model": "user.parish",
  "pk": 847,
  "fields": {
    "canton": 140,
    "name": "AM\u00c9RICA"
  }
},
{
  "model": "user.parish",
  "pk": 848,
  "fields": {
    "canton": 140,
    "name": "EL ANEGADO (CAB. EN ELOY ALFARO)"
  }
},
{
  "model": "user.parish",
  "pk": 849,
  "fields": {
    "canton": 140,
    "name": "JULCUY"
  }
},
{
  "model": "user.parish",
  "pk": 850,
  "fields": {
    "canton": 140,
    "name": "LA UNI\u00d3N"
  }
},
{
  "model": "user.parish",
  "pk": 851,
  "fields": {
    "canton": 140,
    "name": "MACHALILLA"
  }
},
{
  "model": "user.parish",
  "pk": 852,
  "fields": {
    "canton": 140,
    "name": "MEMBRILLAL"
  }
},
{
  "model": "user.parish",
  "pk": 853,
  "fields": {
    "canton": 140,
    "name": "PEDRO PABLO G\u00d3MEZ"
  }
},
{
  "model": "user.parish",
  "pk": 854,
  "fields": {
    "canton": 140,
    "name": "PUERTO DE CAYO"
  }
},
{
  "model": "user.parish",
  "pk": 855,
  "fields": {
    "canton": 140,
    "name": "PUERTO L\u00d3PEZ"
  }
},
{
  "model": "user.parish",
  "pk": 856,
  "fields": {
    "canton": 141,
    "name": "JUN\u00cdN"
  }
},
{
  "model": "user.parish",
  "pk": 857,
  "fields": {
    "canton": 142,
    "name": "LOS ESTEROS"
  }
},
{
  "model": "user.parish",
  "pk": 858,
  "fields": {
    "canton": 142,
    "name": "MANTA"
  }
},
{
  "model": "user.parish",
  "pk": 859,
  "fields": {
    "canton": 142,
    "name": "SAN MATEO"
  }
},
{
  "model": "user.parish",
  "pk": 860,
  "fields": {
    "canton": 142,
    "name": "TARQUI"
  }
},
{
  "model": "user.parish",
  "pk": 861,
  "fields": {
    "canton": 142,
    "name": "ELOY ALFARO"
  }
},
{
  "model": "user.parish",
  "pk": 862,
  "fields": {
    "canton": 142,
    "name": "SAN LORENZO"
  }
},
{
  "model": "user.parish",
  "pk": 863,
  "fields": {
    "canton": 142,
    "name": "SANTA MARIANITA (BOCA DE PACOCHE)"
  }
},
{
  "model": "user.parish",
  "pk": 864,
  "fields": {
    "canton": 143,
    "name": "ANIBAL SAN ANDR\u00c9S"
  }
},
{
  "model": "user.parish",
  "pk": 865,
  "fields": {
    "canton": 143,
    "name": "MONTECRISTI"
  }
},
{
  "model": "user.parish",
  "pk": 866,
  "fields": {
    "canton": 143,
    "name": "EL COLORADO"
  }
},
{
  "model": "user.parish",
  "pk": 867,
  "fields": {
    "canton": 143,
    "name": "GENERAL ELOY ALFARO"
  }
},
{
  "model": "user.parish",
  "pk": 868,
  "fields": {
    "canton": 143,
    "name": "LEONIDAS PROA\u00d1O"
  }
},
{
  "model": "user.parish",
  "pk": 869,
  "fields": {
    "canton": 143,
    "name": "JARAMIJ\u00d3"
  }
},
{
  "model": "user.parish",
  "pk": 870,
  "fields": {
    "canton": 143,
    "name": "LA PILA"
  }
},
{
  "model": "user.parish",
  "pk": 871,
  "fields": {
    "canton": 144,
    "name": "PAJ\u00c1N"
  }
},
{
  "model": "user.parish",
  "pk": 872,
  "fields": {
    "canton": 144,
    "name": "CAMPOZANO (LA PALMA DE PAJ\u00c1N)"
  }
},
{
  "model": "user.parish",
  "pk": 873,
  "fields": {
    "canton": 144,
    "name": "CASCOL"
  }
},
{
  "model": "user.parish",
  "pk": 874,
  "fields": {
    "canton": 144,
    "name": "GUALE"
  }
},
{
  "model": "user.parish",
  "pk": 875,
  "fields": {
    "canton": 144,
    "name": "LASCANO"
  }
},
{
  "model": "user.parish",
  "pk": 876,
  "fields": {
    "canton": 145,
    "name": "PICHINCHA"
  }
},
{
  "model": "user.parish",
  "pk": 877,
  "fields": {
    "canton": 145,
    "name": "BARRAGANETE"
  }
},
{
  "model": "user.parish",
  "pk": 878,
  "fields": {
    "canton": 145,
    "name": "SAN SEBASTI\u00c1N"
  }
},
{
  "model": "user.parish",
  "pk": 879,
  "fields": {
    "canton": 146,
    "name": "ROCAFUERTE"
  }
},
{
  "model": "user.parish",
  "pk": 880,
  "fields": {
    "canton": 147,
    "name": "SANTA ANA"
  }
},
{
  "model": "user.parish",
  "pk": 881,
  "fields": {
    "canton": 147,
    "name": "LODANA"
  }
},
{
  "model": "user.parish",
  "pk": 882,
  "fields": {
    "canton": 147,
    "name": "SANTA ANA DE VUELTA LARGA"
  }
},
{
  "model": "user.parish",
  "pk": 883,
  "fields": {
    "canton": 147,
    "name": "AYACUCHO"
  }
},
{
  "model": "user.parish",
  "pk": 884,
  "fields": {
    "canton": 147,
    "name": "HONORATO V\u00c1SQUEZ (CAB. EN V\u00c1SQUEZ)"
  }
},
{
  "model": "user.parish",
  "pk": 885,
  "fields": {
    "canton": 147,
    "name": "LA UNI\u00d3N"
  }
},
{
  "model": "user.parish",
  "pk": 886,
  "fields": {
    "canton": 147,
    "name": "OLMEDO"
  }
},
{
  "model": "user.parish",
  "pk": 887,
  "fields": {
    "canton": 147,
    "name": "SAN PABLO (CAB. EN PUEBLO NUEVO)"
  }
},
{
  "model": "user.parish",
  "pk": 888,
  "fields": {
    "canton": 148,
    "name": "BAH\u00cdA DE CAR\u00c1QUEZ"
  }
},
{
  "model": "user.parish",
  "pk": 889,
  "fields": {
    "canton": 148,
    "name": "LEONIDAS PLAZA GUTI\u00c9RREZ"
  }
},
{
  "model": "user.parish",
  "pk": 890,
  "fields": {
    "canton": 148,
    "name": "CANOA"
  }
},
{
  "model": "user.parish",
  "pk": 891,
  "fields": {
    "canton": 148,
    "name": "COJIM\u00cdES"
  }
},
{
  "model": "user.parish",
  "pk": 892,
  "fields": {
    "canton": 148,
    "name": "CHARAPOT\u00d3"
  }
},
{
  "model": "user.parish",
  "pk": 893,
  "fields": {
    "canton": 148,
    "name": "10 DE AGOSTO"
  }
},
{
  "model": "user.parish",
  "pk": 894,
  "fields": {
    "canton": 148,
    "name": "JAMA"
  }
},
{
  "model": "user.parish",
  "pk": 895,
  "fields": {
    "canton": 148,
    "name": "PEDERNALES"
  }
},
{
  "model": "user.parish",
  "pk": 896,
  "fields": {
    "canton": 148,
    "name": "SAN ISIDRO"
  }
},
{
  "model": "user.parish",
  "pk": 897,
  "fields": {
    "canton": 148,
    "name": "SAN VICENTE"
  }
},
{
  "model": "user.parish",
  "pk": 898,
  "fields": {
    "canton": 149,
    "name": "TOSAGUA"
  }
},
{
  "model": "user.parish",
  "pk": 899,
  "fields": {
    "canton": 149,
    "name": "BACHILLERO"
  }
},
{
  "model": "user.parish",
  "pk": 900,
  "fields": {
    "canton": 149,
    "name": "ANGEL PEDRO GILER (LA ESTANCILLA)"
  }
},
{
  "model": "user.parish",
  "pk": 901,
  "fields": {
    "canton": 150,
    "name": "SUCRE"
  }
},
{
  "model": "user.parish",
  "pk": 902,
  "fields": {
    "canton": 150,
    "name": "BELLAVISTA"
  }
},
{
  "model": "user.parish",
  "pk": 903,
  "fields": {
    "canton": 150,
    "name": "NOBOA"
  }
},
{
  "model": "user.parish",
  "pk": 904,
  "fields": {
    "canton": 150,
    "name": "ARQ. SIXTO DUR\u00c1N BALL\u00c9N"
  }
},
{
  "model": "user.parish",
  "pk": 905,
  "fields": {
    "canton": 151,
    "name": "PEDERNALES"
  }
},
{
  "model": "user.parish",
  "pk": 906,
  "fields": {
    "canton": 151,
    "name": "COJIM\u00cdES"
  }
},
{
  "model": "user.parish",
  "pk": 907,
  "fields": {
    "canton": 151,
    "name": "10 DE AGOSTO"
  }
},
{
  "model": "user.parish",
  "pk": 908,
  "fields": {
    "canton": 151,
    "name": "ATAHUALPA"
  }
},
{
  "model": "user.parish",
  "pk": 909,
  "fields": {
    "canton": 152,
    "name": "OLMEDO"
  }
},
{
  "model": "user.parish",
  "pk": 910,
  "fields": {
    "canton": 153,
    "name": "PUERTO L\u00d3PEZ"
  }
},
{
  "model": "user.parish",
  "pk": 911,
  "fields": {
    "canton": 153,
    "name": "MACHALILLA"
  }
},
{
  "model": "user.parish",
  "pk": 912,
  "fields": {
    "canton": 153,
    "name": "SALANGO"
  }
},
{
  "model": "user.parish",
  "pk": 913,
  "fields": {
    "canton": 154,
    "name": "JAMA"
  }
},
{
  "model": "user.parish",
  "pk": 914,
  "fields": {
    "canton": 155,
    "name": "JARAMIJ\u00d3"
  }
},
{
  "model": "user.parish",
  "pk": 915,
  "fields": {
    "canton": 156,
    "name": "SAN VICENTE"
  }
},
{
  "model": "user.parish",
  "pk": 916,
  "fields": {
    "canton": 156,
    "name": "CANOA"
  }
},
{
  "model": "user.parish",
  "pk": 917,
  "fields": {
    "canton": 157,
    "name": "MACAS"
  }
},
{
  "model": "user.parish",
  "pk": 918,
  "fields": {
    "canton": 157,
    "name": "ALSHI (CAB. EN 9 DE OCTUBRE)"
  }
},
{
  "model": "user.parish",
  "pk": 919,
  "fields": {
    "canton": 157,
    "name": "CHIGUAZA"
  }
},
{
  "model": "user.parish",
  "pk": 920,
  "fields": {
    "canton": 157,
    "name": "GENERAL PROA\u00d1O"
  }
},
{
  "model": "user.parish",
  "pk": 921,
  "fields": {
    "canton": 157,
    "name": "HUASAGA (CAB.EN WAMPUIK)"
  }
},
{
  "model": "user.parish",
  "pk": 922,
  "fields": {
    "canton": 157,
    "name": "MACUMA"
  }
},
{
  "model": "user.parish",
  "pk": 923,
  "fields": {
    "canton": 157,
    "name": "SAN ISIDRO"
  }
},
{
  "model": "user.parish",
  "pk": 924,
  "fields": {
    "canton": 157,
    "name": "SEVILLA DON BOSCO"
  }
},
{
  "model": "user.parish",
  "pk": 925,
  "fields": {
    "canton": 157,
    "name": "SINA\u00cd"
  }
},
{
  "model": "user.parish",
  "pk": 926,
  "fields": {
    "canton": 157,
    "name": "TAISHA"
  }
},
{
  "model": "user.parish",
  "pk": 927,
  "fields": {
    "canton": 157,
    "name": "ZU\u00d1A (Z\u00da\u00d1AC)"
  }
},
{
  "model": "user.parish",
  "pk": 928,
  "fields": {
    "canton": 157,
    "name": "TUUTINENTZA"
  }
},
{
  "model": "user.parish",
  "pk": 929,
  "fields": {
    "canton": 157,
    "name": "CUCHAENTZA"
  }
},
{
  "model": "user.parish",
  "pk": 930,
  "fields": {
    "canton": 157,
    "name": "SAN JOS\u00c9 DE MORONA"
  }
},
{
  "model": "user.parish",
  "pk": 931,
  "fields": {
    "canton": 157,
    "name": "R\u00cdO BLANCO"
  }
},
{
  "model": "user.parish",
  "pk": 932,
  "fields": {
    "canton": 158,
    "name": "GUALAQUIZA"
  }
},
{
  "model": "user.parish",
  "pk": 933,
  "fields": {
    "canton": 158,
    "name": "MERCEDES MOLINA"
  }
},
{
  "model": "user.parish",
  "pk": 934,
  "fields": {
    "canton": 158,
    "name": "AMAZONAS (ROSARIO DE CUYES)"
  }
},
{
  "model": "user.parish",
  "pk": 935,
  "fields": {
    "canton": 158,
    "name": "BERMEJOS"
  }
},
{
  "model": "user.parish",
  "pk": 936,
  "fields": {
    "canton": 158,
    "name": "BOMBOIZA"
  }
},
{
  "model": "user.parish",
  "pk": 937,
  "fields": {
    "canton": 158,
    "name": "CHIG\u00dcINDA"
  }
},
{
  "model": "user.parish",
  "pk": 938,
  "fields": {
    "canton": 158,
    "name": "EL ROSARIO"
  }
},
{
  "model": "user.parish",
  "pk": 939,
  "fields": {
    "canton": 158,
    "name": "NUEVA TARQUI"
  }
},
{
  "model": "user.parish",
  "pk": 940,
  "fields": {
    "canton": 158,
    "name": "SAN MIGUEL DE CUYES"
  }
},
{
  "model": "user.parish",
  "pk": 941,
  "fields": {
    "canton": 158,
    "name": "EL IDEAL"
  }
},
{
  "model": "user.parish",
  "pk": 942,
  "fields": {
    "canton": 159,
    "name": "GENERAL LEONIDAS PLAZA GUTI\u00c9RREZ (LIM\u00d3N)"
  }
},
{
  "model": "user.parish",
  "pk": 943,
  "fields": {
    "canton": 159,
    "name": "INDANZA"
  }
},
{
  "model": "user.parish",
  "pk": 944,
  "fields": {
    "canton": 159,
    "name": "PAN DE AZ\u00daCAR"
  }
},
{
  "model": "user.parish",
  "pk": 945,
  "fields": {
    "canton": 159,
    "name": "SAN ANTONIO (CAB. EN SAN ANTONIO CENTRO"
  }
},
{
  "model": "user.parish",
  "pk": 946,
  "fields": {
    "canton": 159,
    "name": "SAN CARLOS DE LIM\u00d3N (SAN CARLOS DEL"
  }
},
{
  "model": "user.parish",
  "pk": 947,
  "fields": {
    "canton": 159,
    "name": "SAN JUAN BOSCO"
  }
},
{
  "model": "user.parish",
  "pk": 948,
  "fields": {
    "canton": 159,
    "name": "SAN MIGUEL DE CONCHAY"
  }
},
{
  "model": "user.parish",
  "pk": 949,
  "fields": {
    "canton": 159,
    "name": "SANTA SUSANA DE CHIVIAZA (CAB. EN CHIVIAZA)"
  }
},
{
  "model": "user.parish",
  "pk": 950,
  "fields": {
    "canton": 159,
    "name": "YUNGANZA (CAB. EN EL ROSARIO)"
  }
},
{
  "model": "user.parish",
  "pk": 951,
  "fields": {
    "canton": 160,
    "name": "PALORA (METZERA)"
  }
},
{
  "model": "user.parish",
  "pk": 952,
  "fields": {
    "canton": 160,
    "name": "ARAPICOS"
  }
},
{
  "model": "user.parish",
  "pk": 953,
  "fields": {
    "canton": 160,
    "name": "CUMAND\u00c1 (CAB. EN COLONIA AGR\u00cdCOLA SEVILLA DEL ORO)"
  }
},
{
  "model": "user.parish",
  "pk": 954,
  "fields": {
    "canton": 160,
    "name": "HUAMBOYA"
  }
},
{
  "model": "user.parish",
  "pk": 955,
  "fields": {
    "canton": 160,
    "name": "SANGAY (CAB. EN NAYAMANACA)"
  }
},
{
  "model": "user.parish",
  "pk": 956,
  "fields": {
    "canton": 161,
    "name": "SANTIAGO DE M\u00c9NDEZ"
  }
},
{
  "model": "user.parish",
  "pk": 957,
  "fields": {
    "canton": 161,
    "name": "COPAL"
  }
},
{
  "model": "user.parish",
  "pk": 958,
  "fields": {
    "canton": 161,
    "name": "CHUPIANZA"
  }
},
{
  "model": "user.parish",
  "pk": 959,
  "fields": {
    "canton": 161,
    "name": "PATUCA"
  }
},
{
  "model": "user.parish",
  "pk": 960,
  "fields": {
    "canton": 161,
    "name": "SAN LUIS DE EL ACHO (CAB. EN EL ACHO)"
  }
},
{
  "model": "user.parish",
  "pk": 961,
  "fields": {
    "canton": 161,
    "name": "SANTIAGO"
  }
},
{
  "model": "user.parish",
  "pk": 962,
  "fields": {
    "canton": 161,
    "name": "TAYUZA"
  }
},
{
  "model": "user.parish",
  "pk": 963,
  "fields": {
    "canton": 161,
    "name": "SAN FRANCISCO DE CHINIMBIMI"
  }
},
{
  "model": "user.parish",
  "pk": 964,
  "fields": {
    "canton": 162,
    "name": "SUC\u00daA"
  }
},
{
  "model": "user.parish",
  "pk": 965,
  "fields": {
    "canton": 162,
    "name": "ASUNCI\u00d3N"
  }
},
{
  "model": "user.parish",
  "pk": 966,
  "fields": {
    "canton": 162,
    "name": "HUAMBI"
  }
},
{
  "model": "user.parish",
  "pk": 967,
  "fields": {
    "canton": 162,
    "name": "LOGRO\u00d1O"
  }
},
{
  "model": "user.parish",
  "pk": 968,
  "fields": {
    "canton": 162,
    "name": "YAUPI"
  }
},
{
  "model": "user.parish",
  "pk": 969,
  "fields": {
    "canton": 162,
    "name": "SANTA MARIANITA DE JES\u00daS"
  }
},
{
  "model": "user.parish",
  "pk": 970,
  "fields": {
    "canton": 163,
    "name": "HUAMBOYA"
  }
},
{
  "model": "user.parish",
  "pk": 971,
  "fields": {
    "canton": 163,
    "name": "CHIGUAZA"
  }
},
{
  "model": "user.parish",
  "pk": 972,
  "fields": {
    "canton": 163,
    "name": "PABLO SEXTO"
  }
},
{
  "model": "user.parish",
  "pk": 973,
  "fields": {
    "canton": 164,
    "name": "SAN JUAN BOSCO"
  }
},
{
  "model": "user.parish",
  "pk": 974,
  "fields": {
    "canton": 164,
    "name": "PAN DE AZ\u00daCAR"
  }
},
{
  "model": "user.parish",
  "pk": 975,
  "fields": {
    "canton": 164,
    "name": "SAN CARLOS DE LIM\u00d3N"
  }
},
{
  "model": "user.parish",
  "pk": 976,
  "fields": {
    "canton": 164,
    "name": "SAN JACINTO DE WAKAMBEIS"
  }
},
{
  "model": "user.parish",
  "pk": 977,
  "fields": {
    "canton": 164,
    "name": "SANTIAGO DE PANANZA"
  }
},
{
  "model": "user.parish",
  "pk": 978,
  "fields": {
    "canton": 165,
    "name": "TAISHA"
  }
},
{
  "model": "user.parish",
  "pk": 979,
  "fields": {
    "canton": 165,
    "name": "HUASAGA (CAB. EN WAMPUIK)"
  }
},
{
  "model": "user.parish",
  "pk": 980,
  "fields": {
    "canton": 165,
    "name": "MACUMA"
  }
},
{
  "model": "user.parish",
  "pk": 981,
  "fields": {
    "canton": 165,
    "name": "TUUTINENTZA"
  }
},
{
  "model": "user.parish",
  "pk": 982,
  "fields": {
    "canton": 165,
    "name": "PUMPUENTSA"
  }
},
{
  "model": "user.parish",
  "pk": 983,
  "fields": {
    "canton": 166,
    "name": "LOGRO\u00d1O"
  }
},
{
  "model": "user.parish",
  "pk": 984,
  "fields": {
    "canton": 166,
    "name": "YAUPI"
  }
},
{
  "model": "user.parish",
  "pk": 985,
  "fields": {
    "canton": 166,
    "name": "SHIMPIS"
  }
},
{
  "model": "user.parish",
  "pk": 986,
  "fields": {
    "canton": 167,
    "name": "PABLO SEXTO"
  }
},
{
  "model": "user.parish",
  "pk": 987,
  "fields": {
    "canton": 168,
    "name": "SANTIAGO"
  }
},
{
  "model": "user.parish",
  "pk": 988,
  "fields": {
    "canton": 168,
    "name": "SAN JOS\u00c9 DE MORONA"
  }
},
{
  "model": "user.parish",
  "pk": 989,
  "fields": {
    "canton": 169,
    "name": "TENA"
  }
},
{
  "model": "user.parish",
  "pk": 990,
  "fields": {
    "canton": 169,
    "name": "AHUANO"
  }
},
{
  "model": "user.parish",
  "pk": 991,
  "fields": {
    "canton": 169,
    "name": "CARLOS JULIO AROSEMENA TOLA (ZATZA-YACU)"
  }
},
{
  "model": "user.parish",
  "pk": 992,
  "fields": {
    "canton": 169,
    "name": "CHONTAPUNTA"
  }
},
{
  "model": "user.parish",
  "pk": 993,
  "fields": {
    "canton": 169,
    "name": "PANO"
  }
},
{
  "model": "user.parish",
  "pk": 994,
  "fields": {
    "canton": 169,
    "name": "PUERTO MISAHUALLI"
  }
},
{
  "model": "user.parish",
  "pk": 995,
  "fields": {
    "canton": 169,
    "name": "PUERTO NAPO"
  }
},
{
  "model": "user.parish",
  "pk": 996,
  "fields": {
    "canton": 169,
    "name": "T\u00c1LAG"
  }
},
{
  "model": "user.parish",
  "pk": 997,
  "fields": {
    "canton": 169,
    "name": "SAN JUAN DE MUYUNA"
  }
},
{
  "model": "user.parish",
  "pk": 998,
  "fields": {
    "canton": 170,
    "name": "ARCHIDONA"
  }
},
{
  "model": "user.parish",
  "pk": 999,
  "fields": {
    "canton": 170,
    "name": "AVILA"
  }
},
{
  "model": "user.parish",
  "pk": 1000,
  "fields": {
    "canton": 170,
    "name": "COTUNDO"
  }
},
{
  "model": "user.parish",
  "pk": 1001,
  "fields": {
    "canton": 170,
    "name": "LORETO"
  }
},
{
  "model": "user.parish",
  "pk": 1002,
  "fields": {
    "canton": 170,
    "name": "SAN PABLO DE USHPAYACU"
  }
},
{
  "model": "user.parish",
  "pk": 1003,
  "fields": {
    "canton": 170,
    "name": "PUERTO MURIALDO"
  }
},
{
  "model": "user.parish",
  "pk": 1004,
  "fields": {
    "canton": 171,
    "name": "EL CHACO"
  }
},
{
  "model": "user.parish",
  "pk": 1005,
  "fields": {
    "canton": 171,
    "name": "GONZALO D\u00edAZ DE PINEDA (EL BOMB\u00d3N)"
  }
},
{
  "model": "user.parish",
  "pk": 1006,
  "fields": {
    "canton": 171,
    "name": "LINARES"
  }
},
{
  "model": "user.parish",
  "pk": 1007,
  "fields": {
    "canton": 171,
    "name": "OYACACHI"
  }
},
{
  "model": "user.parish",
  "pk": 1008,
  "fields": {
    "canton": 171,
    "name": "SANTA ROSA"
  }
},
{
  "model": "user.parish",
  "pk": 1009,
  "fields": {
    "canton": 171,
    "name": "SARDINAS"
  }
},
{
  "model": "user.parish",
  "pk": 1010,
  "fields": {
    "canton": 172,
    "name": "BAEZA"
  }
},
{
  "model": "user.parish",
  "pk": 1011,
  "fields": {
    "canton": 172,
    "name": "COSANGA"
  }
},
{
  "model": "user.parish",
  "pk": 1012,
  "fields": {
    "canton": 172,
    "name": "CUYUJA"
  }
},
{
  "model": "user.parish",
  "pk": 1013,
  "fields": {
    "canton": 172,
    "name": "PAPALLACTA"
  }
},
{
  "model": "user.parish",
  "pk": 1014,
  "fields": {
    "canton": 172,
    "name": "SAN FRANCISCO DE BORJA (VIRGILIO D\u00c1VILA)"
  }
},
{
  "model": "user.parish",
  "pk": 1015,
  "fields": {
    "canton": 172,
    "name": "SAN JOS\u00c9 DEL PAYAMINO"
  }
},
{
  "model": "user.parish",
  "pk": 1016,
  "fields": {
    "canton": 172,
    "name": "SUMACO"
  }
},
{
  "model": "user.parish",
  "pk": 1017,
  "fields": {
    "canton": 173,
    "name": "CARLOS JULIO AROSEMENA TOLA"
  }
},
{
  "model": "user.parish",
  "pk": 1018,
  "fields": {
    "canton": 174,
    "name": "PUYO"
  }
},
{
  "model": "user.parish",
  "pk": 1019,
  "fields": {
    "canton": 174,
    "name": "ARAJUNO"
  }
},
{
  "model": "user.parish",
  "pk": 1020,
  "fields": {
    "canton": 174,
    "name": "CANELOS"
  }
},
{
  "model": "user.parish",
  "pk": 1021,
  "fields": {
    "canton": 174,
    "name": "CURARAY"
  }
},
{
  "model": "user.parish",
  "pk": 1022,
  "fields": {
    "canton": 174,
    "name": "DIEZ DE AGOSTO"
  }
},
{
  "model": "user.parish",
  "pk": 1023,
  "fields": {
    "canton": 174,
    "name": "F\u00c1TIMA"
  }
},
{
  "model": "user.parish",
  "pk": 1024,
  "fields": {
    "canton": 174,
    "name": "MONTALVO (ANDOAS)"
  }
},
{
  "model": "user.parish",
  "pk": 1025,
  "fields": {
    "canton": 174,
    "name": "POMONA"
  }
},
{
  "model": "user.parish",
  "pk": 1026,
  "fields": {
    "canton": 174,
    "name": "R\u00cdO CORRIENTES"
  }
},
{
  "model": "user.parish",
  "pk": 1027,
  "fields": {
    "canton": 174,
    "name": "R\u00cdO TIGRE"
  }
},
{
  "model": "user.parish",
  "pk": 1028,
  "fields": {
    "canton": 174,
    "name": "SANTA CLARA"
  }
},
{
  "model": "user.parish",
  "pk": 1029,
  "fields": {
    "canton": 174,
    "name": "SARAYACU"
  }
},
{
  "model": "user.parish",
  "pk": 1030,
  "fields": {
    "canton": 174,
    "name": "SIM\u00d3N BOL\u00cdVAR (CAB. EN MUSHULLACTA)"
  }
},
{
  "model": "user.parish",
  "pk": 1031,
  "fields": {
    "canton": 174,
    "name": "TARQUI"
  }
},
{
  "model": "user.parish",
  "pk": 1032,
  "fields": {
    "canton": 174,
    "name": "TENIENTE HUGO ORTIZ"
  }
},
{
  "model": "user.parish",
  "pk": 1033,
  "fields": {
    "canton": 174,
    "name": "VERACRUZ (INDILLAMA) (CAB. EN INDILLAMA)"
  }
},
{
  "model": "user.parish",
  "pk": 1034,
  "fields": {
    "canton": 174,
    "name": "EL TRIUNFO"
  }
},
{
  "model": "user.parish",
  "pk": 1035,
  "fields": {
    "canton": 175,
    "name": "MERA"
  }
},
{
  "model": "user.parish",
  "pk": 1036,
  "fields": {
    "canton": 175,
    "name": "MADRE TIERRA"
  }
},
{
  "model": "user.parish",
  "pk": 1037,
  "fields": {
    "canton": 175,
    "name": "SHELL"
  }
},
{
  "model": "user.parish",
  "pk": 1038,
  "fields": {
    "canton": 176,
    "name": "SANTA CLARA"
  }
},
{
  "model": "user.parish",
  "pk": 1039,
  "fields": {
    "canton": 176,
    "name": "SAN JOS\u00c9"
  }
},
{
  "model": "user.parish",
  "pk": 1040,
  "fields": {
    "canton": 177,
    "name": "ARAJUNO"
  }
},
{
  "model": "user.parish",
  "pk": 1041,
  "fields": {
    "canton": 177,
    "name": "CURARAY"
  }
},
{
  "model": "user.parish",
  "pk": 1042,
  "fields": {
    "canton": 178,
    "name": "BELISARIO QUEVEDO"
  }
},
{
  "model": "user.parish",
  "pk": 1043,
  "fields": {
    "canton": 178,
    "name": "CARCEL\u00c9N"
  }
},
{
  "model": "user.parish",
  "pk": 1044,
  "fields": {
    "canton": 178,
    "name": "CENTRO HIST\u00d3RICO"
  }
},
{
  "model": "user.parish",
  "pk": 1045,
  "fields": {
    "canton": 178,
    "name": "COCHAPAMBA"
  }
},
{
  "model": "user.parish",
  "pk": 1046,
  "fields": {
    "canton": 178,
    "name": "COMIT\u00c9 DEL PUEBLO"
  }
},
{
  "model": "user.parish",
  "pk": 1047,
  "fields": {
    "canton": 178,
    "name": "COTOCOLLAO"
  }
},
{
  "model": "user.parish",
  "pk": 1048,
  "fields": {
    "canton": 178,
    "name": "CHILIBULO"
  }
},
{
  "model": "user.parish",
  "pk": 1049,
  "fields": {
    "canton": 178,
    "name": "CHILLOGALLO"
  }
},
{
  "model": "user.parish",
  "pk": 1050,
  "fields": {
    "canton": 178,
    "name": "CHIMBACALLE"
  }
},
{
  "model": "user.parish",
  "pk": 1051,
  "fields": {
    "canton": 178,
    "name": "EL CONDADO"
  }
},
{
  "model": "user.parish",
  "pk": 1052,
  "fields": {
    "canton": 178,
    "name": "GUAMAN\u00cd"
  }
},
{
  "model": "user.parish",
  "pk": 1053,
  "fields": {
    "canton": 178,
    "name": "I\u00d1AQUITO"
  }
},
{
  "model": "user.parish",
  "pk": 1054,
  "fields": {
    "canton": 178,
    "name": "ITCHIMB\u00cdA"
  }
},
{
  "model": "user.parish",
  "pk": 1055,
  "fields": {
    "canton": 178,
    "name": "JIPIJAPA"
  }
},
{
  "model": "user.parish",
  "pk": 1056,
  "fields": {
    "canton": 178,
    "name": "KENNEDY"
  }
},
{
  "model": "user.parish",
  "pk": 1057,
  "fields": {
    "canton": 178,
    "name": "LA ARGELIA"
  }
},
{
  "model": "user.parish",
  "pk": 1058,
  "fields": {
    "canton": 178,
    "name": "LA CONCEPCI\u00d3N"
  }
},
{
  "model": "user.parish",
  "pk": 1059,
  "fields": {
    "canton": 178,
    "name": "LA ECUATORIANA"
  }
},
{
  "model": "user.parish",
  "pk": 1060,
  "fields": {
    "canton": 178,
    "name": "LA FERROVIARIA"
  }
},
{
  "model": "user.parish",
  "pk": 1061,
  "fields": {
    "canton": 178,
    "name": "LA LIBERTAD"
  }
},
{
  "model": "user.parish",
  "pk": 1062,
  "fields": {
    "canton": 178,
    "name": "LA MAGDALENA"
  }
},
{
  "model": "user.parish",
  "pk": 1063,
  "fields": {
    "canton": 178,
    "name": "LA MENA"
  }
},
{
  "model": "user.parish",
  "pk": 1064,
  "fields": {
    "canton": 178,
    "name": "MARISCAL SUCRE"
  }
},
{
  "model": "user.parish",
  "pk": 1065,
  "fields": {
    "canton": 178,
    "name": "PONCEANO"
  }
},
{
  "model": "user.parish",
  "pk": 1066,
  "fields": {
    "canton": 178,
    "name": "PUENGAS\u00cd"
  }
},
{
  "model": "user.parish",
  "pk": 1067,
  "fields": {
    "canton": 178,
    "name": "QUITUMBE"
  }
},
{
  "model": "user.parish",
  "pk": 1068,
  "fields": {
    "canton": 178,
    "name": "RUMIPAMBA"
  }
},
{
  "model": "user.parish",
  "pk": 1069,
  "fields": {
    "canton": 178,
    "name": "SAN BARTOLO"
  }
},
{
  "model": "user.parish",
  "pk": 1070,
  "fields": {
    "canton": 178,
    "name": "SAN ISIDRO DEL INCA"
  }
},
{
  "model": "user.parish",
  "pk": 1071,
  "fields": {
    "canton": 178,
    "name": "SAN JUAN"
  }
},
{
  "model": "user.parish",
  "pk": 1072,
  "fields": {
    "canton": 178,
    "name": "SOLANDA"
  }
},
{
  "model": "user.parish",
  "pk": 1073,
  "fields": {
    "canton": 178,
    "name": "TURUBAMBA"
  }
},
{
  "model": "user.parish",
  "pk": 1074,
  "fields": {
    "canton": 178,
    "name": "QUITO DISTRITO METROPOLITANO"
  }
},
{
  "model": "user.parish",
  "pk": 1075,
  "fields": {
    "canton": 178,
    "name": "ALANGAS\u00cd"
  }
},
{
  "model": "user.parish",
  "pk": 1076,
  "fields": {
    "canton": 178,
    "name": "AMAGUA\u00d1A"
  }
},
{
  "model": "user.parish",
  "pk": 1077,
  "fields": {
    "canton": 178,
    "name": "ATAHUALPA"
  }
},
{
  "model": "user.parish",
  "pk": 1078,
  "fields": {
    "canton": 178,
    "name": "CALACAL\u00cd"
  }
},
{
  "model": "user.parish",
  "pk": 1079,
  "fields": {
    "canton": 178,
    "name": "CALDER\u00d3N"
  }
},
{
  "model": "user.parish",
  "pk": 1080,
  "fields": {
    "canton": 178,
    "name": "CONOCOTO"
  }
},
{
  "model": "user.parish",
  "pk": 1081,
  "fields": {
    "canton": 178,
    "name": "CUMBAY\u00c1"
  }
},
{
  "model": "user.parish",
  "pk": 1082,
  "fields": {
    "canton": 178,
    "name": "CHAVEZPAMBA"
  }
},
{
  "model": "user.parish",
  "pk": 1083,
  "fields": {
    "canton": 178,
    "name": "CHECA"
  }
},
{
  "model": "user.parish",
  "pk": 1084,
  "fields": {
    "canton": 178,
    "name": "EL QUINCHE"
  }
},
{
  "model": "user.parish",
  "pk": 1085,
  "fields": {
    "canton": 178,
    "name": "GUALEA"
  }
},
{
  "model": "user.parish",
  "pk": 1086,
  "fields": {
    "canton": 178,
    "name": "GUANGOPOLO"
  }
},
{
  "model": "user.parish",
  "pk": 1087,
  "fields": {
    "canton": 178,
    "name": "GUAYLLABAMBA"
  }
},
{
  "model": "user.parish",
  "pk": 1088,
  "fields": {
    "canton": 178,
    "name": "LA MERCED"
  }
},
{
  "model": "user.parish",
  "pk": 1089,
  "fields": {
    "canton": 178,
    "name": "LLANO CHICO"
  }
},
{
  "model": "user.parish",
  "pk": 1090,
  "fields": {
    "canton": 178,
    "name": "LLOA"
  }
},
{
  "model": "user.parish",
  "pk": 1091,
  "fields": {
    "canton": 178,
    "name": "MINDO"
  }
},
{
  "model": "user.parish",
  "pk": 1092,
  "fields": {
    "canton": 178,
    "name": "NANEGAL"
  }
},
{
  "model": "user.parish",
  "pk": 1093,
  "fields": {
    "canton": 178,
    "name": "NANEGALITO"
  }
},
{
  "model": "user.parish",
  "pk": 1094,
  "fields": {
    "canton": 178,
    "name": "NAY\u00d3N"
  }
},
{
  "model": "user.parish",
  "pk": 1095,
  "fields": {
    "canton": 178,
    "name": "NONO"
  }
},
{
  "model": "user.parish",
  "pk": 1096,
  "fields": {
    "canton": 178,
    "name": "PACTO"
  }
},
{
  "model": "user.parish",
  "pk": 1097,
  "fields": {
    "canton": 178,
    "name": "PEDRO VICENTE MALDONADO"
  }
},
{
  "model": "user.parish",
  "pk": 1098,
  "fields": {
    "canton": 178,
    "name": "PERUCHO"
  }
},
{
  "model": "user.parish",
  "pk": 1099,
  "fields": {
    "canton": 178,
    "name": "PIFO"
  }
},
{
  "model": "user.parish",
  "pk": 1100,
  "fields": {
    "canton": 178,
    "name": "P\u00cdNTAG"
  }
},
{
  "model": "user.parish",
  "pk": 1101,
  "fields": {
    "canton": 178,
    "name": "POMASQUI"
  }
},
{
  "model": "user.parish",
  "pk": 1102,
  "fields": {
    "canton": 178,
    "name": "PU\u00c9LLARO"
  }
},
{
  "model": "user.parish",
  "pk": 1103,
  "fields": {
    "canton": 178,
    "name": "PUEMBO"
  }
},
{
  "model": "user.parish",
  "pk": 1104,
  "fields": {
    "canton": 178,
    "name": "SAN ANTONIO"
  }
},
{
  "model": "user.parish",
  "pk": 1105,
  "fields": {
    "canton": 178,
    "name": "SAN JOS\u00c9 DE MINAS"
  }
},
{
  "model": "user.parish",
  "pk": 1106,
  "fields": {
    "canton": 178,
    "name": "SAN MIGUEL DE LOS BANCOS"
  }
},
{
  "model": "user.parish",
  "pk": 1107,
  "fields": {
    "canton": 178,
    "name": "TABABELA"
  }
},
{
  "model": "user.parish",
  "pk": 1108,
  "fields": {
    "canton": 178,
    "name": "TUMBACO"
  }
},
{
  "model": "user.parish",
  "pk": 1109,
  "fields": {
    "canton": 178,
    "name": "YARUQU\u00cd"
  }
},
{
  "model": "user.parish",
  "pk": 1110,
  "fields": {
    "canton": 178,
    "name": "ZAMBIZA"
  }
},
{
  "model": "user.parish",
  "pk": 1111,
  "fields": {
    "canton": 178,
    "name": "PUERTO QUITO"
  }
},
{
  "model": "user.parish",
  "pk": 1112,
  "fields": {
    "canton": 179,
    "name": "AYORA"
  }
},
{
  "model": "user.parish",
  "pk": 1113,
  "fields": {
    "canton": 179,
    "name": "CAYAMBE"
  }
},
{
  "model": "user.parish",
  "pk": 1114,
  "fields": {
    "canton": 179,
    "name": "JUAN MONTALVO"
  }
},
{
  "model": "user.parish",
  "pk": 1115,
  "fields": {
    "canton": 179,
    "name": "ASC\u00c1ZUBI"
  }
},
{
  "model": "user.parish",
  "pk": 1116,
  "fields": {
    "canton": 179,
    "name": "CANGAHUA"
  }
},
{
  "model": "user.parish",
  "pk": 1117,
  "fields": {
    "canton": 179,
    "name": "OLMEDO (PESILLO)"
  }
},
{
  "model": "user.parish",
  "pk": 1118,
  "fields": {
    "canton": 179,
    "name": "OT\u00d3N"
  }
},
{
  "model": "user.parish",
  "pk": 1119,
  "fields": {
    "canton": 179,
    "name": "SANTA ROSA DE CUZUBAMBA"
  }
},
{
  "model": "user.parish",
  "pk": 1120,
  "fields": {
    "canton": 180,
    "name": "MACHACHI"
  }
},
{
  "model": "user.parish",
  "pk": 1121,
  "fields": {
    "canton": 180,
    "name": "AL\u00d3AG"
  }
},
{
  "model": "user.parish",
  "pk": 1122,
  "fields": {
    "canton": 180,
    "name": "ALOAS\u00cd"
  }
},
{
  "model": "user.parish",
  "pk": 1123,
  "fields": {
    "canton": 180,
    "name": "CUTUGLAHUA"
  }
},
{
  "model": "user.parish",
  "pk": 1124,
  "fields": {
    "canton": 180,
    "name": "EL CHAUPI"
  }
},
{
  "model": "user.parish",
  "pk": 1125,
  "fields": {
    "canton": 180,
    "name": "MANUEL CORNEJO ASTORGA (TANDAPI)"
  }
},
{
  "model": "user.parish",
  "pk": 1126,
  "fields": {
    "canton": 180,
    "name": "TAMBILLO"
  }
},
{
  "model": "user.parish",
  "pk": 1127,
  "fields": {
    "canton": 180,
    "name": "UYUMBICHO"
  }
},
{
  "model": "user.parish",
  "pk": 1128,
  "fields": {
    "canton": 181,
    "name": "TABACUNDO"
  }
},
{
  "model": "user.parish",
  "pk": 1129,
  "fields": {
    "canton": 181,
    "name": "LA ESPERANZA"
  }
},
{
  "model": "user.parish",
  "pk": 1130,
  "fields": {
    "canton": 181,
    "name": "MALCHINGU\u00cd"
  }
},
{
  "model": "user.parish",
  "pk": 1131,
  "fields": {
    "canton": 181,
    "name": "TOCACHI"
  }
},
{
  "model": "user.parish",
  "pk": 1132,
  "fields": {
    "canton": 181,
    "name": "TUPIGACHI"
  }
},
{
  "model": "user.parish",
  "pk": 1133,
  "fields": {
    "canton": 182,
    "name": "SANGOLQU\u00cd"
  }
},
{
  "model": "user.parish",
  "pk": 1134,
  "fields": {
    "canton": 182,
    "name": "SAN PEDRO DE TABOADA"
  }
},
{
  "model": "user.parish",
  "pk": 1135,
  "fields": {
    "canton": 182,
    "name": "SAN RAFAEL"
  }
},
{
  "model": "user.parish",
  "pk": 1136,
  "fields": {
    "canton": 182,
    "name": "SANGOLQUI"
  }
},
{
  "model": "user.parish",
  "pk": 1137,
  "fields": {
    "canton": 182,
    "name": "COTOGCHOA"
  }
},
{
  "model": "user.parish",
  "pk": 1138,
  "fields": {
    "canton": 182,
    "name": "RUMIPAMBA"
  }
},
{
  "model": "user.parish",
  "pk": 1139,
  "fields": {
    "canton": 183,
    "name": "SAN MIGUEL DE LOS BANCOS"
  }
},
{
  "model": "user.parish",
  "pk": 1140,
  "fields": {
    "canton": 183,
    "name": "MINDO"
  }
},
{
  "model": "user.parish",
  "pk": 1141,
  "fields": {
    "canton": 183,
    "name": "PEDRO VICENTE MALDONADO"
  }
},
{
  "model": "user.parish",
  "pk": 1142,
  "fields": {
    "canton": 183,
    "name": "PUERTO QUITO"
  }
},
{
  "model": "user.parish",
  "pk": 1143,
  "fields": {
    "canton": 184,
    "name": "PEDRO VICENTE MALDONADO"
  }
},
{
  "model": "user.parish",
  "pk": 1144,
  "fields": {
    "canton": 185,
    "name": "PUERTO QUITO"
  }
},
{
  "model": "user.parish",
  "pk": 1145,
  "fields": {
    "canton": 186,
    "name": "ATOCHA \u2013 FICOA"
  }
},
{
  "model": "user.parish",
  "pk": 1146,
  "fields": {
    "canton": 186,
    "name": "CELIANO MONGE"
  }
},
{
  "model": "user.parish",
  "pk": 1147,
  "fields": {
    "canton": 186,
    "name": "HUACHI CHICO"
  }
},
{
  "model": "user.parish",
  "pk": 1148,
  "fields": {
    "canton": 186,
    "name": "HUACHI LORETO"
  }
},
{
  "model": "user.parish",
  "pk": 1149,
  "fields": {
    "canton": 186,
    "name": "LA MERCED"
  }
},
{
  "model": "user.parish",
  "pk": 1150,
  "fields": {
    "canton": 186,
    "name": "LA PEN\u00cdNSULA"
  }
},
{
  "model": "user.parish",
  "pk": 1151,
  "fields": {
    "canton": 186,
    "name": "MATRIZ"
  }
},
{
  "model": "user.parish",
  "pk": 1152,
  "fields": {
    "canton": 186,
    "name": "PISHILATA"
  }
},
{
  "model": "user.parish",
  "pk": 1153,
  "fields": {
    "canton": 186,
    "name": "SAN FRANCISCO"
  }
},
{
  "model": "user.parish",
  "pk": 1154,
  "fields": {
    "canton": 186,
    "name": "AMBATO"
  }
},
{
  "model": "user.parish",
  "pk": 1155,
  "fields": {
    "canton": 186,
    "name": "AMBATILLO"
  }
},
{
  "model": "user.parish",
  "pk": 1156,
  "fields": {
    "canton": 186,
    "name": "ATAHUALPA (CHISALATA)"
  }
},
{
  "model": "user.parish",
  "pk": 1157,
  "fields": {
    "canton": 186,
    "name": "AUGUSTO N. MART\u00cdNEZ (MUNDUGLEO)"
  }
},
{
  "model": "user.parish",
  "pk": 1158,
  "fields": {
    "canton": 186,
    "name": "CONSTANTINO FERN\u00c1NDEZ (CAB. EN CULLITAHUA)"
  }
},
{
  "model": "user.parish",
  "pk": 1159,
  "fields": {
    "canton": 186,
    "name": "HUACHI GRANDE"
  }
},
{
  "model": "user.parish",
  "pk": 1160,
  "fields": {
    "canton": 186,
    "name": "IZAMBA"
  }
},
{
  "model": "user.parish",
  "pk": 1161,
  "fields": {
    "canton": 186,
    "name": "JUAN BENIGNO VELA"
  }
},
{
  "model": "user.parish",
  "pk": 1162,
  "fields": {
    "canton": 186,
    "name": "MONTALVO"
  }
},
{
  "model": "user.parish",
  "pk": 1163,
  "fields": {
    "canton": 186,
    "name": "PASA"
  }
},
{
  "model": "user.parish",
  "pk": 1164,
  "fields": {
    "canton": 186,
    "name": "PICAIGUA"
  }
},
{
  "model": "user.parish",
  "pk": 1165,
  "fields": {
    "canton": 186,
    "name": "PILAG\u00dc\u00cdN (PILAH\u00dc\u00cdN)"
  }
},
{
  "model": "user.parish",
  "pk": 1166,
  "fields": {
    "canton": 186,
    "name": "QUISAPINCHA (QUIZAPINCHA)"
  }
},
{
  "model": "user.parish",
  "pk": 1167,
  "fields": {
    "canton": 186,
    "name": "SAN BARTOLOM\u00c9 DE PINLLOG"
  }
},
{
  "model": "user.parish",
  "pk": 1168,
  "fields": {
    "canton": 186,
    "name": "SAN FERNANDO (PASA SAN FERNANDO)"
  }
},
{
  "model": "user.parish",
  "pk": 1169,
  "fields": {
    "canton": 186,
    "name": "SANTA ROSA"
  }
},
{
  "model": "user.parish",
  "pk": 1170,
  "fields": {
    "canton": 186,
    "name": "TOTORAS"
  }
},
{
  "model": "user.parish",
  "pk": 1171,
  "fields": {
    "canton": 186,
    "name": "CUNCHIBAMBA"
  }
},
{
  "model": "user.parish",
  "pk": 1172,
  "fields": {
    "canton": 186,
    "name": "UNAMUNCHO"
  }
},
{
  "model": "user.parish",
  "pk": 1173,
  "fields": {
    "canton": 187,
    "name": "BA\u00d1OS DE AGUA SANTA"
  }
},
{
  "model": "user.parish",
  "pk": 1174,
  "fields": {
    "canton": 187,
    "name": "LLIGUA"
  }
},
{
  "model": "user.parish",
  "pk": 1175,
  "fields": {
    "canton": 187,
    "name": "R\u00cdO NEGRO"
  }
},
{
  "model": "user.parish",
  "pk": 1176,
  "fields": {
    "canton": 187,
    "name": "R\u00cdO VERDE"
  }
},
{
  "model": "user.parish",
  "pk": 1177,
  "fields": {
    "canton": 187,
    "name": "ULBA"
  }
},
{
  "model": "user.parish",
  "pk": 1178,
  "fields": {
    "canton": 188,
    "name": "CEVALLOS"
  }
},
{
  "model": "user.parish",
  "pk": 1179,
  "fields": {
    "canton": 189,
    "name": "MOCHA"
  }
},
{
  "model": "user.parish",
  "pk": 1180,
  "fields": {
    "canton": 189,
    "name": "PINGUIL\u00cd"
  }
},
{
  "model": "user.parish",
  "pk": 1181,
  "fields": {
    "canton": 190,
    "name": "PATATE"
  }
},
{
  "model": "user.parish",
  "pk": 1182,
  "fields": {
    "canton": 190,
    "name": "EL TRIUNFO"
  }
},
{
  "model": "user.parish",
  "pk": 1183,
  "fields": {
    "canton": 190,
    "name": "LOS ANDES (CAB. EN POATUG)"
  }
},
{
  "model": "user.parish",
  "pk": 1184,
  "fields": {
    "canton": 190,
    "name": "SUCRE (CAB. EN SUCRE-PATATE URCU)"
  }
},
{
  "model": "user.parish",
  "pk": 1185,
  "fields": {
    "canton": 191,
    "name": "QUERO"
  }
},
{
  "model": "user.parish",
  "pk": 1186,
  "fields": {
    "canton": 191,
    "name": "RUMIPAMBA"
  }
},
{
  "model": "user.parish",
  "pk": 1187,
  "fields": {
    "canton": 191,
    "name": "YANAYACU - MOCHAPATA (CAB. EN YANAYACU)"
  }
},
{
  "model": "user.parish",
  "pk": 1188,
  "fields": {
    "canton": 192,
    "name": "PELILEO"
  }
},
{
  "model": "user.parish",
  "pk": 1189,
  "fields": {
    "canton": 192,
    "name": "PELILEO GRANDE"
  }
},
{
  "model": "user.parish",
  "pk": 1190,
  "fields": {
    "canton": 192,
    "name": "BEN\u00cdTEZ (PACHANLICA)"
  }
},
{
  "model": "user.parish",
  "pk": 1191,
  "fields": {
    "canton": 192,
    "name": "BOL\u00cdVAR"
  }
},
{
  "model": "user.parish",
  "pk": 1192,
  "fields": {
    "canton": 192,
    "name": "COTAL\u00d3"
  }
},
{
  "model": "user.parish",
  "pk": 1193,
  "fields": {
    "canton": 192,
    "name": "CHIQUICHA (CAB. EN CHIQUICHA GRANDE)"
  }
},
{
  "model": "user.parish",
  "pk": 1194,
  "fields": {
    "canton": 192,
    "name": "EL ROSARIO (RUMICHACA)"
  }
},
{
  "model": "user.parish",
  "pk": 1195,
  "fields": {
    "canton": 192,
    "name": "GARC\u00cdA MORENO (CHUMAQUI)"
  }
},
{
  "model": "user.parish",
  "pk": 1196,
  "fields": {
    "canton": 192,
    "name": "GUAMBAL\u00d3 (HUAMBAL\u00d3)"
  }
},
{
  "model": "user.parish",
  "pk": 1197,
  "fields": {
    "canton": 192,
    "name": "SALASACA"
  }
},
{
  "model": "user.parish",
  "pk": 1198,
  "fields": {
    "canton": 193,
    "name": "CIUDAD NUEVA"
  }
},
{
  "model": "user.parish",
  "pk": 1199,
  "fields": {
    "canton": 193,
    "name": "P\u00cdLLARO"
  }
},
{
  "model": "user.parish",
  "pk": 1200,
  "fields": {
    "canton": 193,
    "name": "BAQUERIZO MORENO"
  }
},
{
  "model": "user.parish",
  "pk": 1201,
  "fields": {
    "canton": 193,
    "name": "EMILIO MAR\u00cdA TER\u00c1N (RUMIPAMBA)"
  }
},
{
  "model": "user.parish",
  "pk": 1202,
  "fields": {
    "canton": 193,
    "name": "MARCOS ESPINEL (CHACATA)"
  }
},
{
  "model": "user.parish",
  "pk": 1203,
  "fields": {
    "canton": 193,
    "name": "PRESIDENTE URBINA (CHAGRAPAMBA -PATZUCUL)"
  }
},
{
  "model": "user.parish",
  "pk": 1204,
  "fields": {
    "canton": 193,
    "name": "SAN ANDR\u00c9S"
  }
},
{
  "model": "user.parish",
  "pk": 1205,
  "fields": {
    "canton": 193,
    "name": "SAN JOS\u00c9 DE POAL\u00d3"
  }
},
{
  "model": "user.parish",
  "pk": 1206,
  "fields": {
    "canton": 193,
    "name": "SAN MIGUELITO"
  }
},
{
  "model": "user.parish",
  "pk": 1207,
  "fields": {
    "canton": 194,
    "name": "TISALEO"
  }
},
{
  "model": "user.parish",
  "pk": 1208,
  "fields": {
    "canton": 194,
    "name": "QUINCHICOTO"
  }
},
{
  "model": "user.parish",
  "pk": 1209,
  "fields": {
    "canton": 195,
    "name": "EL LIM\u00d3N"
  }
},
{
  "model": "user.parish",
  "pk": 1210,
  "fields": {
    "canton": 195,
    "name": "ZAMORA"
  }
},
{
  "model": "user.parish",
  "pk": 1211,
  "fields": {
    "canton": 195,
    "name": "CUMBARATZA"
  }
},
{
  "model": "user.parish",
  "pk": 1212,
  "fields": {
    "canton": 195,
    "name": "GUADALUPE"
  }
},
{
  "model": "user.parish",
  "pk": 1213,
  "fields": {
    "canton": 195,
    "name": "IMBANA (LA VICTORIA DE IMBANA)"
  }
},
{
  "model": "user.parish",
  "pk": 1214,
  "fields": {
    "canton": 195,
    "name": "PAQUISHA"
  }
},
{
  "model": "user.parish",
  "pk": 1215,
  "fields": {
    "canton": 195,
    "name": "SABANILLA"
  }
},
{
  "model": "user.parish",
  "pk": 1216,
  "fields": {
    "canton": 195,
    "name": "TIMBARA"
  }
},
{
  "model": "user.parish",
  "pk": 1217,
  "fields": {
    "canton": 195,
    "name": "ZUMBI"
  }
},
{
  "model": "user.parish",
  "pk": 1218,
  "fields": {
    "canton": 195,
    "name": "SAN CARLOS DE LAS MINAS"
  }
},
{
  "model": "user.parish",
  "pk": 1219,
  "fields": {
    "canton": 196,
    "name": "ZUMBA"
  }
},
{
  "model": "user.parish",
  "pk": 1220,
  "fields": {
    "canton": 196,
    "name": "CHITO"
  }
},
{
  "model": "user.parish",
  "pk": 1221,
  "fields": {
    "canton": 196,
    "name": "EL CHORRO"
  }
},
{
  "model": "user.parish",
  "pk": 1222,
  "fields": {
    "canton": 196,
    "name": "EL PORVENIR DEL CARMEN"
  }
},
{
  "model": "user.parish",
  "pk": 1223,
  "fields": {
    "canton": 196,
    "name": "LA CHONTA"
  }
},
{
  "model": "user.parish",
  "pk": 1224,
  "fields": {
    "canton": 196,
    "name": "PALANDA"
  }
},
{
  "model": "user.parish",
  "pk": 1225,
  "fields": {
    "canton": 196,
    "name": "PUCAPAMBA"
  }
},
{
  "model": "user.parish",
  "pk": 1226,
  "fields": {
    "canton": 196,
    "name": "SAN FRANCISCO DEL VERGEL"
  }
},
{
  "model": "user.parish",
  "pk": 1227,
  "fields": {
    "canton": 196,
    "name": "VALLADOLID"
  }
},
{
  "model": "user.parish",
  "pk": 1228,
  "fields": {
    "canton": 196,
    "name": "SAN ANDR\u00c9S"
  }
},
{
  "model": "user.parish",
  "pk": 1229,
  "fields": {
    "canton": 197,
    "name": "GUAYZIMI"
  }
},
{
  "model": "user.parish",
  "pk": 1230,
  "fields": {
    "canton": 197,
    "name": "ZURMI"
  }
},
{
  "model": "user.parish",
  "pk": 1231,
  "fields": {
    "canton": 197,
    "name": "NUEVO PARA\u00cdSO"
  }
},
{
  "model": "user.parish",
  "pk": 1232,
  "fields": {
    "canton": 198,
    "name": "28 DE MAYO (SAN JOS\u00c9 DE YACUAMBI)"
  }
},
{
  "model": "user.parish",
  "pk": 1233,
  "fields": {
    "canton": 198,
    "name": "LA PAZ"
  }
},
{
  "model": "user.parish",
  "pk": 1234,
  "fields": {
    "canton": 198,
    "name": "TUTUPALI"
  }
},
{
  "model": "user.parish",
  "pk": 1235,
  "fields": {
    "canton": 199,
    "name": "YANTZAZA (YANZATZA)"
  }
},
{
  "model": "user.parish",
  "pk": 1236,
  "fields": {
    "canton": 199,
    "name": "CHICA\u00d1A"
  }
},
{
  "model": "user.parish",
  "pk": 1237,
  "fields": {
    "canton": 199,
    "name": "EL PANGUI"
  }
},
{
  "model": "user.parish",
  "pk": 1238,
  "fields": {
    "canton": 199,
    "name": "LOS ENCUENTROS"
  }
},
{
  "model": "user.parish",
  "pk": 1239,
  "fields": {
    "canton": 200,
    "name": "EL PANGUI"
  }
},
{
  "model": "user.parish",
  "pk": 1240,
  "fields": {
    "canton": 200,
    "name": "EL GUISME"
  }
},
{
  "model": "user.parish",
  "pk": 1241,
  "fields": {
    "canton": 200,
    "name": "PACHICUTZA"
  }
},
{
  "model": "user.parish",
  "pk": 1242,
  "fields": {
    "canton": 200,
    "name": "TUNDAYME"
  }
},
{
  "model": "user.parish",
  "pk": 1243,
  "fields": {
    "canton": 201,
    "name": "ZUMBI"
  }
},
{
  "model": "user.parish",
  "pk": 1244,
  "fields": {
    "canton": 201,
    "name": "PAQUISHA"
  }
},
{
  "model": "user.parish",
  "pk": 1245,
  "fields": {
    "canton": 201,
    "name": "TRIUNFO-DORADO"
  }
},
{
  "model": "user.parish",
  "pk": 1246,
  "fields": {
    "canton": 201,
    "name": "PANGUINTZA"
  }
},
{
  "model": "user.parish",
  "pk": 1247,
  "fields": {
    "canton": 202,
    "name": "PALANDA"
  }
},
{
  "model": "user.parish",
  "pk": 1248,
  "fields": {
    "canton": 202,
    "name": "EL PORVENIR DEL CARMEN"
  }
},
{
  "model": "user.parish",
  "pk": 1249,
  "fields": {
    "canton": 202,
    "name": "SAN FRANCISCO DEL VERGEL"
  }
},
{
  "model": "user.parish",
  "pk": 1250,
  "fields": {
    "canton": 202,
    "name": "VALLADOLID"
  }
},
{
  "model": "user.parish",
  "pk": 1251,
  "fields": {
    "canton": 202,
    "name": "LA CANELA"
  }
},
{
  "model": "user.parish",
  "pk": 1252,
  "fields": {
    "canton": 203,
    "name": "PAQUISHA"
  }
},
{
  "model": "user.parish",
  "pk": 1253,
  "fields": {
    "canton": 203,
    "name": "BELLAVISTA"
  }
},
{
  "model": "user.parish",
  "pk": 1254,
  "fields": {
    "canton": 203,
    "name": "NUEVO QUITO"
  }
},
{
  "model": "user.parish",
  "pk": 1255,
  "fields": {
    "canton": 204,
    "name": "PUERTO BAQUERIZO MORENO"
  }
},
{
  "model": "user.parish",
  "pk": 1256,
  "fields": {
    "canton": 204,
    "name": "EL PROGRESO"
  }
},
{
  "model": "user.parish",
  "pk": 1257,
  "fields": {
    "canton": 204,
    "name": "A SANTA MAR\u00cdA (FLOREANA) (CAB. EN PTO. VELASCO IBARR"
  }
},
{
  "model": "user.parish",
  "pk": 1258,
  "fields": {
    "canton": 205,
    "name": "PUERTO VILLAMIL"
  }
},
{
  "model": "user.parish",
  "pk": 1259,
  "fields": {
    "canton": 205,
    "name": "TOM\u00c1S DE BERLANGA (SANTO TOM\u00c1S)"
  }
},
{
  "model": "user.parish",
  "pk": 1260,
  "fields": {
    "canton": 206,
    "name": "PUERTO AYORA"
  }
},
{
  "model": "user.parish",
  "pk": 1261,
  "fields": {
    "canton": 206,
    "name": "BELLAVISTA"
  }
},
{
  "model": "user.parish",
  "pk": 1262,
  "fields": {
    "canton": 206,
    "name": "SANTA ROSA (INCLUYE LA ISLA BALTRA)"
  }
},
{
  "model": "user.parish",
  "pk": 1263,
  "fields": {
    "canton": 207,
    "name": "NUEVA LOJA"
  }
},
{
  "model": "user.parish",
  "pk": 1264,
  "fields": {
    "canton": 207,
    "name": "CUYABENO"
  }
},
{
  "model": "user.parish",
  "pk": 1265,
  "fields": {
    "canton": 207,
    "name": "DURENO"
  }
},
{
  "model": "user.parish",
  "pk": 1266,
  "fields": {
    "canton": 207,
    "name": "GENERAL FARF\u00c1N"
  }
},
{
  "model": "user.parish",
  "pk": 1267,
  "fields": {
    "canton": 207,
    "name": "TARAPOA"
  }
},
{
  "model": "user.parish",
  "pk": 1268,
  "fields": {
    "canton": 207,
    "name": "EL ENO"
  }
},
{
  "model": "user.parish",
  "pk": 1269,
  "fields": {
    "canton": 207,
    "name": "PACAYACU"
  }
},
{
  "model": "user.parish",
  "pk": 1270,
  "fields": {
    "canton": 207,
    "name": "JAMBEL\u00cd"
  }
},
{
  "model": "user.parish",
  "pk": 1271,
  "fields": {
    "canton": 207,
    "name": "SANTA CECILIA"
  }
},
{
  "model": "user.parish",
  "pk": 1272,
  "fields": {
    "canton": 207,
    "name": "AGUAS NEGRAS"
  }
},
{
  "model": "user.parish",
  "pk": 1273,
  "fields": {
    "canton": 208,
    "name": "EL DORADO DE CASCALES"
  }
},
{
  "model": "user.parish",
  "pk": 1274,
  "fields": {
    "canton": 208,
    "name": "EL REVENTADOR"
  }
},
{
  "model": "user.parish",
  "pk": 1275,
  "fields": {
    "canton": 208,
    "name": "GONZALO PIZARRO"
  }
},
{
  "model": "user.parish",
  "pk": 1276,
  "fields": {
    "canton": 208,
    "name": "LUMBAQU\u00cd"
  }
},
{
  "model": "user.parish",
  "pk": 1277,
  "fields": {
    "canton": 208,
    "name": "PUERTO LIBRE"
  }
},
{
  "model": "user.parish",
  "pk": 1278,
  "fields": {
    "canton": 208,
    "name": "SANTA ROSA DE SUCUMB\u00cdOS"
  }
},
{
  "model": "user.parish",
  "pk": 1279,
  "fields": {
    "canton": 209,
    "name": "PUERTO EL CARMEN DEL PUTUMAYO"
  }
},
{
  "model": "user.parish",
  "pk": 1280,
  "fields": {
    "canton": 209,
    "name": "PALMA ROJA"
  }
},
{
  "model": "user.parish",
  "pk": 1281,
  "fields": {
    "canton": 209,
    "name": "PUERTO BOL\u00cdVAR (PUERTO MONT\u00daFAR)"
  }
},
{
  "model": "user.parish",
  "pk": 1282,
  "fields": {
    "canton": 209,
    "name": "PUERTO RODR\u00cdGUEZ"
  }
},
{
  "model": "user.parish",
  "pk": 1283,
  "fields": {
    "canton": 209,
    "name": "SANTA ELENA"
  }
},
{
  "model": "user.parish",
  "pk": 1284,
  "fields": {
    "canton": 210,
    "name": "SHUSHUFINDI"
  }
},
{
  "model": "user.parish",
  "pk": 1285,
  "fields": {
    "canton": 210,
    "name": "LIMONCOCHA"
  }
},
{
  "model": "user.parish",
  "pk": 1286,
  "fields": {
    "canton": 210,
    "name": "PA\u00d1ACOCHA"
  }
},
{
  "model": "user.parish",
  "pk": 1287,
  "fields": {
    "canton": 210,
    "name": "SAN ROQUE (CAB. EN SAN VICENTE)"
  }
},
{
  "model": "user.parish",
  "pk": 1288,
  "fields": {
    "canton": 210,
    "name": "SAN PEDRO DE LOS COFANES"
  }
},
{
  "model": "user.parish",
  "pk": 1289,
  "fields": {
    "canton": 210,
    "name": "SIETE DE JULIO"
  }
},
{
  "model": "user.parish",
  "pk": 1290,
  "fields": {
    "canton": 211,
    "name": "LA BONITA"
  }
},
{
  "model": "user.parish",
  "pk": 1291,
  "fields": {
    "canton": 211,
    "name": "EL PLAY\u00d3N DE SAN FRANCISCO"
  }
},
{
  "model": "user.parish",
  "pk": 1292,
  "fields": {
    "canton": 211,
    "name": "LA SOF\u00cdA"
  }
},
{
  "model": "user.parish",
  "pk": 1293,
  "fields": {
    "canton": 211,
    "name": "ROSA FLORIDA"
  }
},
{
  "model": "user.parish",
  "pk": 1294,
  "fields": {
    "canton": 211,
    "name": "SANTA B\u00c1RBARA"
  }
},
{
  "model": "user.parish",
  "pk": 1295,
  "fields": {
    "canton": 212,
    "name": "EL DORADO DE CASCALES"
  }
},
{
  "model": "user.parish",
  "pk": 1296,
  "fields": {
    "canton": 212,
    "name": "SANTA ROSA DE SUCUMB\u00cdOS"
  }
},
{
  "model": "user.parish",
  "pk": 1297,
  "fields": {
    "canton": 212,
    "name": "SEVILLA"
  }
},
{
  "model": "user.parish",
  "pk": 1298,
  "fields": {
    "canton": 213,
    "name": "TARAPOA"
  }
},
{
  "model": "user.parish",
  "pk": 1299,
  "fields": {
    "canton": 213,
    "name": "CUYABENO"
  }
},
{
  "model": "user.parish",
  "pk": 1300,
  "fields": {
    "canton": 213,
    "name": "AGUAS NEGRAS"
  }
},
{
  "model": "user.parish",
  "pk": 1301,
  "fields": {
    "canton": 214,
    "name": "PUERTO FRANCISCO DE ORELLANA (EL COCA)"
  }
},
{
  "model": "user.parish",
  "pk": 1302,
  "fields": {
    "canton": 214,
    "name": "DAYUMA"
  }
},
{
  "model": "user.parish",
  "pk": 1303,
  "fields": {
    "canton": 214,
    "name": "TARACOA (NUEVA ESPERANZA: YUCA)"
  }
},
{
  "model": "user.parish",
  "pk": 1304,
  "fields": {
    "canton": 214,
    "name": "ALEJANDRO LABAKA"
  }
},
{
  "model": "user.parish",
  "pk": 1305,
  "fields": {
    "canton": 214,
    "name": "EL DORADO"
  }
},
{
  "model": "user.parish",
  "pk": 1306,
  "fields": {
    "canton": 214,
    "name": "EL ED\u00c9N"
  }
},
{
  "model": "user.parish",
  "pk": 1307,
  "fields": {
    "canton": 214,
    "name": "GARC\u00cdA MORENO"
  }
},
{
  "model": "user.parish",
  "pk": 1308,
  "fields": {
    "canton": 214,
    "name": "IN\u00c9S ARANGO (CAB. EN WESTERN)"
  }
},
{
  "model": "user.parish",
  "pk": 1309,
  "fields": {
    "canton": 214,
    "name": "LA BELLEZA"
  }
},
{
  "model": "user.parish",
  "pk": 1310,
  "fields": {
    "canton": 214,
    "name": "NUEVO PARA\u00cdSO (CAB. EN UNI\u00d3N"
  }
},
{
  "model": "user.parish",
  "pk": 1311,
  "fields": {
    "canton": 214,
    "name": "SAN JOS\u00c9 DE GUAYUSA"
  }
},
{
  "model": "user.parish",
  "pk": 1312,
  "fields": {
    "canton": 214,
    "name": "SAN LUIS DE ARMENIA"
  }
},
{
  "model": "user.parish",
  "pk": 1313,
  "fields": {
    "canton": 215,
    "name": "TIPITINI"
  }
},
{
  "model": "user.parish",
  "pk": 1314,
  "fields": {
    "canton": 215,
    "name": "NUEVO ROCAFUERTE"
  }
},
{
  "model": "user.parish",
  "pk": 1315,
  "fields": {
    "canton": 215,
    "name": "CAPIT\u00c1N AUGUSTO RIVADENEYRA"
  }
},
{
  "model": "user.parish",
  "pk": 1316,
  "fields": {
    "canton": 215,
    "name": "CONONACO"
  }
},
{
  "model": "user.parish",
  "pk": 1317,
  "fields": {
    "canton": 215,
    "name": "SANTA MAR\u00cdA DE HUIRIRIMA"
  }
},
{
  "model": "user.parish",
  "pk": 1318,
  "fields": {
    "canton": 215,
    "name": "TIPUTINI"
  }
},
{
  "model": "user.parish",
  "pk": 1319,
  "fields": {
    "canton": 215,
    "name": "YASUN\u00cd"
  }
},
{
  "model": "user.parish",
  "pk": 1320,
  "fields": {
    "canton": 216,
    "name": "LA JOYA DE LOS SACHAS"
  }
},
{
  "model": "user.parish",
  "pk": 1321,
  "fields": {
    "canton": 216,
    "name": "ENOKANQUI"
  }
},
{
  "model": "user.parish",
  "pk": 1322,
  "fields": {
    "canton": 216,
    "name": "POMPEYA"
  }
},
{
  "model": "user.parish",
  "pk": 1323,
  "fields": {
    "canton": 216,
    "name": "SAN CARLOS"
  }
},
{
  "model": "user.parish",
  "pk": 1324,
  "fields": {
    "canton": 216,
    "name": "SAN SEBASTI\u00c1N DEL COCA"
  }
},
{
  "model": "user.parish",
  "pk": 1325,
  "fields": {
    "canton": 216,
    "name": "LAGO SAN PEDRO"
  }
},
{
  "model": "user.parish",
  "pk": 1326,
  "fields": {
    "canton": 216,
    "name": "RUMIPAMBA"
  }
},
{
  "model": "user.parish",
  "pk": 1327,
  "fields": {
    "canton": 216,
    "name": "TRES DE NOVIEMBRE"
  }
},
{
  "model": "user.parish",
  "pk": 1328,
  "fields": {
    "canton": 216,
    "name": "UNI\u00d3N MILAGRE\u00d1A"
  }
},
{
  "model": "user.parish",
  "pk": 1329,
  "fields": {
    "canton": 217,
    "name": "LORETO"
  }
},
{
  "model": "user.parish",
  "pk": 1330,
  "fields": {
    "canton": 217,
    "name": "AVILA (CAB. EN HUIRUNO)"
  }
},
{
  "model": "user.parish",
  "pk": 1331,
  "fields": {
    "canton": 217,
    "name": "PUERTO MURIALDO"
  }
},
{
  "model": "user.parish",
  "pk": 1332,
  "fields": {
    "canton": 217,
    "name": "SAN JOS\u00c9 DE PAYAMINO"
  }
},
{
  "model": "user.parish",
  "pk": 1333,
  "fields": {
    "canton": 217,
    "name": "SAN JOS\u00c9 DE DAHUANO"
  }
},
{
  "model": "user.parish",
  "pk": 1334,
  "fields": {
    "canton": 217,
    "name": "SAN VICENTE DE HUATICOCHA"
  }
},
{
  "model": "user.parish",
  "pk": 1335,
  "fields": {
    "canton": 218,
    "name": "ABRAHAM CALAZAC\u00d3N"
  }
},
{
  "model": "user.parish",
  "pk": 1336,
  "fields": {
    "canton": 218,
    "name": "BOMBOL\u00cd"
  }
},
{
  "model": "user.parish",
  "pk": 1337,
  "fields": {
    "canton": 218,
    "name": "CHIGUILPE"
  }
},
{
  "model": "user.parish",
  "pk": 1338,
  "fields": {
    "canton": 218,
    "name": "R\u00cdO TOACHI"
  }
},
{
  "model": "user.parish",
  "pk": 1339,
  "fields": {
    "canton": 218,
    "name": "R\u00cdO VERDE"
  }
},
{
  "model": "user.parish",
  "pk": 1340,
  "fields": {
    "canton": 218,
    "name": "SANTO DOMINGO DE LOS COLORADOS"
  }
},
{
  "model": "user.parish",
  "pk": 1341,
  "fields": {
    "canton": 218,
    "name": "ZARACAY"
  }
},
{
  "model": "user.parish",
  "pk": 1342,
  "fields": {
    "canton": 218,
    "name": "ALLURIQU\u00cdN"
  }
},
{
  "model": "user.parish",
  "pk": 1343,
  "fields": {
    "canton": 218,
    "name": "PUERTO LIM\u00d3N"
  }
},
{
  "model": "user.parish",
  "pk": 1344,
  "fields": {
    "canton": 218,
    "name": "LUZ DE AM\u00c9RICA"
  }
},
{
  "model": "user.parish",
  "pk": 1345,
  "fields": {
    "canton": 218,
    "name": "SAN JACINTO DEL B\u00daA"
  }
},
{
  "model": "user.parish",
  "pk": 1346,
  "fields": {
    "canton": 218,
    "name": "VALLE HERMOSO"
  }
},
{
  "model": "user.parish",
  "pk": 1347,
  "fields": {
    "canton": 218,
    "name": "EL ESFUERZO"
  }
},
{
  "model": "user.parish",
  "pk": 1348,
  "fields": {
    "canton": 218,
    "name": "SANTA MAR\u00cdA DEL TOACHI"
  }
},
{
  "model": "user.parish",
  "pk": 1349,
  "fields": {
    "canton": 219,
    "name": "BALLENITA"
  }
},
{
  "model": "user.parish",
  "pk": 1350,
  "fields": {
    "canton": 219,
    "name": "SANTA ELENA"
  }
},
{
  "model": "user.parish",
  "pk": 1351,
  "fields": {
    "canton": 219,
    "name": "ATAHUALPA"
  }
},
{
  "model": "user.parish",
  "pk": 1352,
  "fields": {
    "canton": 219,
    "name": "COLONCHE"
  }
},
{
  "model": "user.parish",
  "pk": 1353,
  "fields": {
    "canton": 219,
    "name": "CHANDUY"
  }
},
{
  "model": "user.parish",
  "pk": 1354,
  "fields": {
    "canton": 219,
    "name": "MANGLARALTO"
  }
},
{
  "model": "user.parish",
  "pk": 1355,
  "fields": {
    "canton": 219,
    "name": "SIM\u00d3N BOL\u00cdVAR (JULIO MORENO)"
  }
},
{
  "model": "user.parish",
  "pk": 1356,
  "fields": {
    "canton": 219,
    "name": "SAN JOS\u00c9 DE ANC\u00d3N"
  }
},
{
  "model": "user.parish",
  "pk": 1357,
  "fields": {
    "canton": 220,
    "name": "LA LIBERTAD"
  }
},
{
  "model": "user.parish",
  "pk": 1358,
  "fields": {
    "canton": 221,
    "name": "CARLOS ESPINOZA LARREA"
  }
},
{
  "model": "user.parish",
  "pk": 1359,
  "fields": {
    "canton": 221,
    "name": "GRAL. ALBERTO ENR\u00cdQUEZ GALLO"
  }
},
{
  "model": "user.parish",
  "pk": 1360,
  "fields": {
    "canton": 221,
    "name": "VICENTE ROCAFUERTE"
  }
},
{
  "model": "user.parish",
  "pk": 1361,
  "fields": {
    "canton": 221,
    "name": "SANTA ROSA"
  }
},
{
  "model": "user.parish",
  "pk": 1362,
  "fields": {
    "canton": 221,
    "name": "SALINAS"
  }
},
{
  "model": "user.parish",
  "pk": 1363,
  "fields": {
    "canton": 221,
    "name": "ANCONCITO"
  }
},
{
  "model": "user.parish",
  "pk": 1364,
  "fields": {
    "canton": 221,
    "name": "JOS\u00c9 LUIS TAMAYO (MUEY)"
  }
},
{
  "model": "user.parish",
  "pk": 1365,
  "fields": {
    "canton": 222,
    "name": "LAS GOLONDRINAS"
  }
},
{
  "model": "user.parish",
  "pk": 1366,
  "fields": {
    "canton": 223,
    "name": "MANGA DEL CURA"
  }
},
{
  "model": "user.parish",
  "pk": 1367,
  "fields": {
    "canton": 224,
    "name": "EL PIEDRERO"
  }
},
{
  "model": "homepage.mainpage",
  "pk": 1,
  "fields": {
    "name": "Veterinaria Patitas Ajenas",
    "proprietor": "William Jair D\u00e1vila Vargas",
    "desc": "Te ofrecemos el mejor servicio y las m\u00e1s avanzadas t\u00e9cnicas m\u00e9dicas y quir\u00fargicas para tu mascota.",
    "with_us": "Somos una empresa dedicada al cuidado de las mascotas, que lleva en el mercado desde el a\u00f1o 2006, trabajando en pro del bienestar de cada mascota. ",
    "mission": "Ofrecer bienestar a cada una de nuestras mascotas, que sus familias entiendan los deberes y los derechos que tienen las mascotas desde el instante que entran a formar parte de sus vidas. Nuestro grupo de trabajo comparte valores y principios \u00e9ticos de respeto, responsabilidad y compromiso, super\u00e1ndolas expectativas de nuestros clientes y entregando calidad y satisfacci\u00f3n en nuestros servicios.",
    "vision": "Ser una empresa s\u00f3lida, l\u00edder en prestaci\u00f3n de servicios m\u00e9dicos veterinarios de la mejor calidad y profesionalismo, con \u00e9nfasis en animales de compa\u00f1\u00eda. Nuestro compromiso social es mejorar la calidad de vida de las familias a trav\u00e9s del cuidado de la salud de nuestros pacientes contando con excelente tecnolog\u00eda, un equipo m\u00e9dico altamente calificado con educaci\u00f3n y capacidad continua.",
    "about_us": "Proporcionar a las mascotas una atenci\u00f3n de calidad con productos y servicios integrales satisfaciendo las necesidades de nuestros clientes.",
    "icon_image": "",
    "phone": "042977552",
    "mobile": "0979014552",
    "email": "williamjair94@hotmail.com",
    "address": "Av. De la Prensa N70-174 y Gustavo Lemos",
    "horary": "Lunes a Viernes de 10:30 AM - 17:00 PM",
    "coordinates": "-2.1327665,-79.5912141",
    "about_youtube": "https://www.youtube.com/watch?v=jDDaplaOz7Q"
  }
},
{
  "model": "homepage.socialnetworks",
  "pk": 1,
  "fields": {
    "css": "twitter",
    "icon": "fab fa-twitter",
    "url": "https://twitter.com/",
    "state": true
  }
},
{
  "model": "homepage.socialnetworks",
  "pk": 2,
  "fields": {
    "css": "facebook",
    "icon": "fab fa-facebook-f",
    "url": "https://facebook.com/",
    "state": true
  }
},
{
  "model": "homepage.socialnetworks",
  "pk": 3,
  "fields": {
    "css": "instagram",
    "icon": "fab fa-instagram",
    "url": "https://instagram.com/",
    "state": true
  }
},
{
  "model": "homepage.socialnetworks",
  "pk": 4,
  "fields": {
    "css": "skype",
    "icon": "fab fa-skype",
    "url": "https://skype.com/",
    "state": true
  }
},
{
  "model": "homepage.socialnetworks",
  "pk": 5,
  "fields": {
    "css": "linkedin",
    "icon": "fab fa-linkedin-in",
    "url": "https://linkedin.com/",
    "state": true
  }
},
{
  "model": "crm.exam",
  "pk": 1,
  "fields": {
    "name": "Sangre"
  }
},
{
  "model": "crm.exam",
  "pk": 2,
  "fields": {
    "name": "Orina"
  }
},
{
  "model": "crm.exam",
  "pk": 3,
  "fields": {
    "name": "Heces"
  }
},
{
  "model": "crm.medicalparameters",
  "pk": 1,
  "fields": {
    "name": "Talla"
  }
},
{
  "model": "crm.medicalparameters",
  "pk": 2,
  "fields": {
    "name": "Peso"
  }
},
{
  "model": "crm.datemedicalproducts",
  "pk": 1,
  "fields": {
    "datemedical": 1,
    "product": 1,
    "cant": 2,
    "price": "18.00",
    "subtotal": "36.00"
  }
},
{
  "model": "crm.datemedicalproducts",
  "pk": 2,
  "fields": {
    "datemedical": 2,
    "product": 1,
    "cant": 1,
    "price": "18.00",
    "subtotal": "18.00"
  }
},
{
  "model": "crm.datemedicalexam",
  "pk": 1,
  "fields": {
    "datemedical": 1,
    "exam": 1
  }
},
{
  "model": "crm.datemedicalexam",
  "pk": 2,
  "fields": {
    "datemedical": 1,
    "exam": 2
  }
},
{
  "model": "crm.datemedicalexam",
  "pk": 3,
  "fields": {
    "datemedical": 2,
    "exam": 1
  }
},
{
  "model": "crm.datemedicalparameters",
  "pk": 1,
  "fields": {
    "datemedical": 1,
    "medicalparameters": 2,
    "valor": "0.00"
  }
},
{
  "model": "crm.datemedicalparameters",
  "pk": 2,
  "fields": {
    "datemedical": 1,
    "medicalparameters": 1,
    "valor": "0.00"
  }
},
{
  "model": "crm.datemedicalparameters",
  "pk": 3,
  "fields": {
    "datemedical": 2,
    "medicalparameters": 2,
    "valor": "4.00"
  }
},
{
  "model": "crm.datemedicalparameters",
  "pk": 4,
  "fields": {
    "datemedical": 2,
    "medicalparameters": 1,
    "valor": "5.00"
  }
},
{
  "model": "crm.detsale",
  "pk": 1,
  "fields": {
    "sale": 1,
    "product": 1,
    "cant": 2,
    "price": "18.00",
    "dscto": "0.00",
    "subtotal": "36.00"
  }
},
{
  "model": "scm.provider",
  "pk": 1,
  "fields": {
    "name": "EXPALSA S.A.",
    "ruc": "0928363993001",
    "mobile": "0979014551",
    "address": "Milagro",
    "email": "williamjair94@hotmail.com"
  }
},
{
  "model": "scm.product",
  "pk": 1,
  "fields": {
    "name": "Luteina",
    "desc": null,
    "type": "medicamentos",
    "image": "",
    "price": "18.00",
    "stock": 12
  }
},
{
  "model": "scm.purchase",
  "pk": 1,
  "fields": {
    "provider": 1,
    "date_joined": "2020-09-19",
    "subtotal": "126.00"
  }
},
{
  "model": "scm.detpurchase",
  "pk": 1,
  "fields": {
    "purchase": 1,
    "product": 1,
    "cant": 7,
    "price": "18.00",
    "subtotal": "126.00"
  }
},
{
  "model": "auth.permission",
  "pk": 1,
  "fields": {
    "name": "Can add log entry",
    "content_type": 1,
    "codename": "add_logentry"
  }
},
{
  "model": "auth.permission",
  "pk": 2,
  "fields": {
    "name": "Can change log entry",
    "content_type": 1,
    "codename": "change_logentry"
  }
},
{
  "model": "auth.permission",
  "pk": 3,
  "fields": {
    "name": "Can delete log entry",
    "content_type": 1,
    "codename": "delete_logentry"
  }
},
{
  "model": "auth.permission",
  "pk": 4,
  "fields": {
    "name": "Can view log entry",
    "content_type": 1,
    "codename": "view_logentry"
  }
},
{
  "model": "auth.permission",
  "pk": 5,
  "fields": {
    "name": "Can add permission",
    "content_type": 2,
    "codename": "add_permission"
  }
},
{
  "model": "auth.permission",
  "pk": 6,
  "fields": {
    "name": "Can change permission",
    "content_type": 2,
    "codename": "change_permission"
  }
},
{
  "model": "auth.permission",
  "pk": 7,
  "fields": {
    "name": "Can delete permission",
    "content_type": 2,
    "codename": "delete_permission"
  }
},
{
  "model": "auth.permission",
  "pk": 8,
  "fields": {
    "name": "Can view permission",
    "content_type": 2,
    "codename": "view_permission"
  }
},
{
  "model": "auth.permission",
  "pk": 9,
  "fields": {
    "name": "Can add group",
    "content_type": 3,
    "codename": "add_group"
  }
},
{
  "model": "auth.permission",
  "pk": 10,
  "fields": {
    "name": "Can change group",
    "content_type": 3,
    "codename": "change_group"
  }
},
{
  "model": "auth.permission",
  "pk": 11,
  "fields": {
    "name": "Can delete group",
    "content_type": 3,
    "codename": "delete_group"
  }
},
{
  "model": "auth.permission",
  "pk": 12,
  "fields": {
    "name": "Can view group",
    "content_type": 3,
    "codename": "view_group"
  }
},
{
  "model": "auth.permission",
  "pk": 13,
  "fields": {
    "name": "Can add content type",
    "content_type": 4,
    "codename": "add_contenttype"
  }
},
{
  "model": "auth.permission",
  "pk": 14,
  "fields": {
    "name": "Can change content type",
    "content_type": 4,
    "codename": "change_contenttype"
  }
},
{
  "model": "auth.permission",
  "pk": 15,
  "fields": {
    "name": "Can delete content type",
    "content_type": 4,
    "codename": "delete_contenttype"
  }
},
{
  "model": "auth.permission",
  "pk": 16,
  "fields": {
    "name": "Can view content type",
    "content_type": 4,
    "codename": "view_contenttype"
  }
},
{
  "model": "auth.permission",
  "pk": 17,
  "fields": {
    "name": "Can add session",
    "content_type": 5,
    "codename": "add_session"
  }
},
{
  "model": "auth.permission",
  "pk": 18,
  "fields": {
    "name": "Can change session",
    "content_type": 5,
    "codename": "change_session"
  }
},
{
  "model": "auth.permission",
  "pk": 19,
  "fields": {
    "name": "Can delete session",
    "content_type": 5,
    "codename": "delete_session"
  }
},
{
  "model": "auth.permission",
  "pk": 20,
  "fields": {
    "name": "Can view session",
    "content_type": 5,
    "codename": "view_session"
  }
},
{
  "model": "auth.permission",
  "pk": 21,
  "fields": {
    "name": "Can view Acceso del usuario",
    "content_type": 6,
    "codename": "view_accessusers"
  }
},
{
  "model": "auth.permission",
  "pk": 22,
  "fields": {
    "name": "Can delete Acceso del usuario",
    "content_type": 6,
    "codename": "delete_accessusers"
  }
},
{
  "model": "auth.permission",
  "pk": 23,
  "fields": {
    "name": "Can view Dashboard",
    "content_type": 7,
    "codename": "view_dashboard"
  }
},
{
  "model": "auth.permission",
  "pk": 24,
  "fields": {
    "name": "Can view Respaldos de BD",
    "content_type": 8,
    "codename": "view_databasebackups"
  }
},
{
  "model": "auth.permission",
  "pk": 25,
  "fields": {
    "name": "Can add Respaldos de BD",
    "content_type": 8,
    "codename": "add_databasebackups"
  }
},
{
  "model": "auth.permission",
  "pk": 26,
  "fields": {
    "name": "Can delete Respaldos de BD",
    "content_type": 8,
    "codename": "delete_databasebackups"
  }
},
{
  "model": "auth.permission",
  "pk": 27,
  "fields": {
    "name": "Can add Tipo de M\u00f3dulo",
    "content_type": 9,
    "codename": "add_moduletype"
  }
},
{
  "model": "auth.permission",
  "pk": 28,
  "fields": {
    "name": "Can change Tipo de M\u00f3dulo",
    "content_type": 9,
    "codename": "change_moduletype"
  }
},
{
  "model": "auth.permission",
  "pk": 29,
  "fields": {
    "name": "Can delete Tipo de M\u00f3dulo",
    "content_type": 9,
    "codename": "delete_moduletype"
  }
},
{
  "model": "auth.permission",
  "pk": 30,
  "fields": {
    "name": "Can view Tipo de M\u00f3dulo",
    "content_type": 9,
    "codename": "view_moduletype"
  }
},
{
  "model": "auth.permission",
  "pk": 31,
  "fields": {
    "name": "Can add M\u00f3dulo",
    "content_type": 10,
    "codename": "add_module"
  }
},
{
  "model": "auth.permission",
  "pk": 32,
  "fields": {
    "name": "Can change M\u00f3dulo",
    "content_type": 10,
    "codename": "change_module"
  }
},
{
  "model": "auth.permission",
  "pk": 33,
  "fields": {
    "name": "Can delete M\u00f3dulo",
    "content_type": 10,
    "codename": "delete_module"
  }
},
{
  "model": "auth.permission",
  "pk": 34,
  "fields": {
    "name": "Can view M\u00f3dulo",
    "content_type": 10,
    "codename": "view_module"
  }
},
{
  "model": "auth.permission",
  "pk": 35,
  "fields": {
    "name": "Can add Grupo M\u00f3dulo",
    "content_type": 11,
    "codename": "add_groupmodule"
  }
},
{
  "model": "auth.permission",
  "pk": 36,
  "fields": {
    "name": "Can change Grupo M\u00f3dulo",
    "content_type": 11,
    "codename": "change_groupmodule"
  }
},
{
  "model": "auth.permission",
  "pk": 37,
  "fields": {
    "name": "Can delete Grupo M\u00f3dulo",
    "content_type": 11,
    "codename": "delete_groupmodule"
  }
},
{
  "model": "auth.permission",
  "pk": 38,
  "fields": {
    "name": "Can view Grupo M\u00f3dulo",
    "content_type": 11,
    "codename": "view_groupmodule"
  }
},
{
  "model": "auth.permission",
  "pk": 39,
  "fields": {
    "name": "Can add Cant\u00f3n",
    "content_type": 12,
    "codename": "add_canton"
  }
},
{
  "model": "auth.permission",
  "pk": 40,
  "fields": {
    "name": "Can change Cant\u00f3n",
    "content_type": 12,
    "codename": "change_canton"
  }
},
{
  "model": "auth.permission",
  "pk": 41,
  "fields": {
    "name": "Can delete Cant\u00f3n",
    "content_type": 12,
    "codename": "delete_canton"
  }
},
{
  "model": "auth.permission",
  "pk": 42,
  "fields": {
    "name": "Can view Cant\u00f3n",
    "content_type": 12,
    "codename": "view_canton"
  }
},
{
  "model": "auth.permission",
  "pk": 43,
  "fields": {
    "name": "Can add Pa\u00eds",
    "content_type": 13,
    "codename": "add_country"
  }
},
{
  "model": "auth.permission",
  "pk": 44,
  "fields": {
    "name": "Can change Pa\u00eds",
    "content_type": 13,
    "codename": "change_country"
  }
},
{
  "model": "auth.permission",
  "pk": 45,
  "fields": {
    "name": "Can delete Pa\u00eds",
    "content_type": 13,
    "codename": "delete_country"
  }
},
{
  "model": "auth.permission",
  "pk": 46,
  "fields": {
    "name": "Can view Pa\u00eds",
    "content_type": 13,
    "codename": "view_country"
  }
},
{
  "model": "auth.permission",
  "pk": 47,
  "fields": {
    "name": "Can add Provincia",
    "content_type": 14,
    "codename": "add_province"
  }
},
{
  "model": "auth.permission",
  "pk": 48,
  "fields": {
    "name": "Can change Provincia",
    "content_type": 14,
    "codename": "change_province"
  }
},
{
  "model": "auth.permission",
  "pk": 49,
  "fields": {
    "name": "Can delete Provincia",
    "content_type": 14,
    "codename": "delete_province"
  }
},
{
  "model": "auth.permission",
  "pk": 50,
  "fields": {
    "name": "Can view Provincia",
    "content_type": 14,
    "codename": "view_province"
  }
},
{
  "model": "auth.permission",
  "pk": 51,
  "fields": {
    "name": "Can add Parroquia",
    "content_type": 15,
    "codename": "add_parish"
  }
},
{
  "model": "auth.permission",
  "pk": 52,
  "fields": {
    "name": "Can change Parroquia",
    "content_type": 15,
    "codename": "change_parish"
  }
},
{
  "model": "auth.permission",
  "pk": 53,
  "fields": {
    "name": "Can delete Parroquia",
    "content_type": 15,
    "codename": "delete_parish"
  }
},
{
  "model": "auth.permission",
  "pk": 54,
  "fields": {
    "name": "Can view Parroquia",
    "content_type": 15,
    "codename": "view_parish"
  }
},
{
  "model": "auth.permission",
  "pk": 55,
  "fields": {
    "name": "Can add User",
    "content_type": 16,
    "codename": "add_user"
  }
},
{
  "model": "auth.permission",
  "pk": 56,
  "fields": {
    "name": "Can change User",
    "content_type": 16,
    "codename": "change_user"
  }
},
{
  "model": "auth.permission",
  "pk": 57,
  "fields": {
    "name": "Can delete User",
    "content_type": 16,
    "codename": "delete_user"
  }
},
{
  "model": "auth.permission",
  "pk": 58,
  "fields": {
    "name": "Can view User",
    "content_type": 16,
    "codename": "view_user"
  }
},
{
  "model": "auth.permission",
  "pk": 59,
  "fields": {
    "name": "Can add Comentario",
    "content_type": 17,
    "codename": "add_comments"
  }
},
{
  "model": "auth.permission",
  "pk": 60,
  "fields": {
    "name": "Can change Comentario",
    "content_type": 17,
    "codename": "change_comments"
  }
},
{
  "model": "auth.permission",
  "pk": 61,
  "fields": {
    "name": "Can delete Comentario",
    "content_type": 17,
    "codename": "delete_comments"
  }
},
{
  "model": "auth.permission",
  "pk": 62,
  "fields": {
    "name": "Can view Comentario",
    "content_type": 17,
    "codename": "view_comments"
  }
},
{
  "model": "auth.permission",
  "pk": 63,
  "fields": {
    "name": "Can add Departmento",
    "content_type": 18,
    "codename": "add_departments"
  }
},
{
  "model": "auth.permission",
  "pk": 64,
  "fields": {
    "name": "Can change Departmento",
    "content_type": 18,
    "codename": "change_departments"
  }
},
{
  "model": "auth.permission",
  "pk": 65,
  "fields": {
    "name": "Can delete Departmento",
    "content_type": 18,
    "codename": "delete_departments"
  }
},
{
  "model": "auth.permission",
  "pk": 66,
  "fields": {
    "name": "Can view Departmento",
    "content_type": 18,
    "codename": "view_departments"
  }
},
{
  "model": "auth.permission",
  "pk": 67,
  "fields": {
    "name": "Can add Preguntas Frecuente",
    "content_type": 19,
    "codename": "add_freqquestions"
  }
},
{
  "model": "auth.permission",
  "pk": 68,
  "fields": {
    "name": "Can change Preguntas Frecuente",
    "content_type": 19,
    "codename": "change_freqquestions"
  }
},
{
  "model": "auth.permission",
  "pk": 69,
  "fields": {
    "name": "Can delete Preguntas Frecuente",
    "content_type": 19,
    "codename": "delete_freqquestions"
  }
},
{
  "model": "auth.permission",
  "pk": 70,
  "fields": {
    "name": "Can view Preguntas Frecuente",
    "content_type": 19,
    "codename": "view_freqquestions"
  }
},
{
  "model": "auth.permission",
  "pk": 71,
  "fields": {
    "name": "Can add Galer\u00eda",
    "content_type": 20,
    "codename": "add_gallery"
  }
},
{
  "model": "auth.permission",
  "pk": 72,
  "fields": {
    "name": "Can change Galer\u00eda",
    "content_type": 20,
    "codename": "change_gallery"
  }
},
{
  "model": "auth.permission",
  "pk": 73,
  "fields": {
    "name": "Can delete Galer\u00eda",
    "content_type": 20,
    "codename": "delete_gallery"
  }
},
{
  "model": "auth.permission",
  "pk": 74,
  "fields": {
    "name": "Can view Galer\u00eda",
    "content_type": 20,
    "codename": "view_gallery"
  }
},
{
  "model": "auth.permission",
  "pk": 75,
  "fields": {
    "name": "Can view P\u00e1gina Principal",
    "content_type": 21,
    "codename": "view_mainpage"
  }
},
{
  "model": "auth.permission",
  "pk": 76,
  "fields": {
    "name": "Can add Noticia",
    "content_type": 22,
    "codename": "add_news"
  }
},
{
  "model": "auth.permission",
  "pk": 77,
  "fields": {
    "name": "Can change Noticia",
    "content_type": 22,
    "codename": "change_news"
  }
},
{
  "model": "auth.permission",
  "pk": 78,
  "fields": {
    "name": "Can delete Noticia",
    "content_type": 22,
    "codename": "delete_news"
  }
},
{
  "model": "auth.permission",
  "pk": 79,
  "fields": {
    "name": "Can view Noticia",
    "content_type": 22,
    "codename": "view_news"
  }
},
{
  "model": "auth.permission",
  "pk": 80,
  "fields": {
    "name": "Can add Cualidad",
    "content_type": 23,
    "codename": "add_qualities"
  }
},
{
  "model": "auth.permission",
  "pk": 81,
  "fields": {
    "name": "Can change Cualidad",
    "content_type": 23,
    "codename": "change_qualities"
  }
},
{
  "model": "auth.permission",
  "pk": 82,
  "fields": {
    "name": "Can delete Cualidad",
    "content_type": 23,
    "codename": "delete_qualities"
  }
},
{
  "model": "auth.permission",
  "pk": 83,
  "fields": {
    "name": "Can view Cualidad",
    "content_type": 23,
    "codename": "view_qualities"
  }
},
{
  "model": "auth.permission",
  "pk": 84,
  "fields": {
    "name": "Can add Servicio",
    "content_type": 24,
    "codename": "add_services"
  }
},
{
  "model": "auth.permission",
  "pk": 85,
  "fields": {
    "name": "Can change Servicio",
    "content_type": 24,
    "codename": "change_services"
  }
},
{
  "model": "auth.permission",
  "pk": 86,
  "fields": {
    "name": "Can delete Servicio",
    "content_type": 24,
    "codename": "delete_services"
  }
},
{
  "model": "auth.permission",
  "pk": 87,
  "fields": {
    "name": "Can view Servicio",
    "content_type": 24,
    "codename": "view_services"
  }
},
{
  "model": "auth.permission",
  "pk": 88,
  "fields": {
    "name": "Can add Red Social",
    "content_type": 25,
    "codename": "add_socialnetworks"
  }
},
{
  "model": "auth.permission",
  "pk": 89,
  "fields": {
    "name": "Can change Red Social",
    "content_type": 25,
    "codename": "change_socialnetworks"
  }
},
{
  "model": "auth.permission",
  "pk": 90,
  "fields": {
    "name": "Can delete Red Social",
    "content_type": 25,
    "codename": "delete_socialnetworks"
  }
},
{
  "model": "auth.permission",
  "pk": 91,
  "fields": {
    "name": "Can view Red Social",
    "content_type": 25,
    "codename": "view_socialnetworks"
  }
},
{
  "model": "auth.permission",
  "pk": 92,
  "fields": {
    "name": "Can add Estad\u00edstica",
    "content_type": 26,
    "codename": "add_statistics"
  }
},
{
  "model": "auth.permission",
  "pk": 93,
  "fields": {
    "name": "Can change Estad\u00edstica",
    "content_type": 26,
    "codename": "change_statistics"
  }
},
{
  "model": "auth.permission",
  "pk": 94,
  "fields": {
    "name": "Can delete Estad\u00edstica",
    "content_type": 26,
    "codename": "delete_statistics"
  }
},
{
  "model": "auth.permission",
  "pk": 95,
  "fields": {
    "name": "Can view Estad\u00edstica",
    "content_type": 26,
    "codename": "view_statistics"
  }
},
{
  "model": "auth.permission",
  "pk": 96,
  "fields": {
    "name": "Can add Equipo de Trabajo",
    "content_type": 27,
    "codename": "add_team"
  }
},
{
  "model": "auth.permission",
  "pk": 97,
  "fields": {
    "name": "Can change Equipo de Trabajo",
    "content_type": 27,
    "codename": "change_team"
  }
},
{
  "model": "auth.permission",
  "pk": 98,
  "fields": {
    "name": "Can delete Equipo de Trabajo",
    "content_type": 27,
    "codename": "delete_team"
  }
},
{
  "model": "auth.permission",
  "pk": 99,
  "fields": {
    "name": "Can view Equipo de Trabajo",
    "content_type": 27,
    "codename": "view_team"
  }
},
{
  "model": "auth.permission",
  "pk": 100,
  "fields": {
    "name": "Can add Testimonios",
    "content_type": 28,
    "codename": "add_testimonials"
  }
},
{
  "model": "auth.permission",
  "pk": 101,
  "fields": {
    "name": "Can change Testimonios",
    "content_type": 28,
    "codename": "change_testimonials"
  }
},
{
  "model": "auth.permission",
  "pk": 102,
  "fields": {
    "name": "Can delete Testimonios",
    "content_type": 28,
    "codename": "delete_testimonials"
  }
},
{
  "model": "auth.permission",
  "pk": 103,
  "fields": {
    "name": "Can view Testimonios",
    "content_type": 28,
    "codename": "view_testimonials"
  }
},
{
  "model": "auth.permission",
  "pk": 104,
  "fields": {
    "name": "Can add Video",
    "content_type": 29,
    "codename": "add_videos"
  }
},
{
  "model": "auth.permission",
  "pk": 105,
  "fields": {
    "name": "Can change Video",
    "content_type": 29,
    "codename": "change_videos"
  }
},
{
  "model": "auth.permission",
  "pk": 106,
  "fields": {
    "name": "Can delete Video",
    "content_type": 29,
    "codename": "delete_videos"
  }
},
{
  "model": "auth.permission",
  "pk": 107,
  "fields": {
    "name": "Can view Video",
    "content_type": 29,
    "codename": "view_videos"
  }
},
{
  "model": "auth.permission",
  "pk": 108,
  "fields": {
    "name": "Can add Equipo de Trabajo | RedSocial",
    "content_type": 30,
    "codename": "add_teamsocialnet"
  }
},
{
  "model": "auth.permission",
  "pk": 109,
  "fields": {
    "name": "Can change Equipo de Trabajo | RedSocial",
    "content_type": 30,
    "codename": "change_teamsocialnet"
  }
},
{
  "model": "auth.permission",
  "pk": 110,
  "fields": {
    "name": "Can delete Equipo de Trabajo | RedSocial",
    "content_type": 30,
    "codename": "delete_teamsocialnet"
  }
},
{
  "model": "auth.permission",
  "pk": 111,
  "fields": {
    "name": "Can view Equipo de Trabajo | RedSocial",
    "content_type": 30,
    "codename": "view_teamsocialnet"
  }
},
{
  "model": "auth.permission",
  "pk": 112,
  "fields": {
    "name": "Can add Cita M\u00e9dica",
    "content_type": 31,
    "codename": "add_datemedical"
  }
},
{
  "model": "auth.permission",
  "pk": 113,
  "fields": {
    "name": "Can change Cita M\u00e9dica",
    "content_type": 31,
    "codename": "change_datemedical"
  }
},
{
  "model": "auth.permission",
  "pk": 114,
  "fields": {
    "name": "Can delete Cita M\u00e9dica",
    "content_type": 31,
    "codename": "delete_datemedical"
  }
},
{
  "model": "auth.permission",
  "pk": 115,
  "fields": {
    "name": "Can view Cita M\u00e9dica",
    "content_type": 31,
    "codename": "view_datemedical"
  }
},
{
  "model": "auth.permission",
  "pk": 116,
  "fields": {
    "name": "Can add Examen",
    "content_type": 32,
    "codename": "add_exam"
  }
},
{
  "model": "auth.permission",
  "pk": 117,
  "fields": {
    "name": "Can change Examen",
    "content_type": 32,
    "codename": "change_exam"
  }
},
{
  "model": "auth.permission",
  "pk": 118,
  "fields": {
    "name": "Can delete Examen",
    "content_type": 32,
    "codename": "delete_exam"
  }
},
{
  "model": "auth.permission",
  "pk": 119,
  "fields": {
    "name": "Can view Examen",
    "content_type": 32,
    "codename": "view_exam"
  }
},
{
  "model": "auth.permission",
  "pk": 120,
  "fields": {
    "name": "Can add Parametro Medico",
    "content_type": 33,
    "codename": "add_medicalparameters"
  }
},
{
  "model": "auth.permission",
  "pk": 121,
  "fields": {
    "name": "Can change Parametro Medico",
    "content_type": 33,
    "codename": "change_medicalparameters"
  }
},
{
  "model": "auth.permission",
  "pk": 122,
  "fields": {
    "name": "Can delete Parametro Medico",
    "content_type": 33,
    "codename": "delete_medicalparameters"
  }
},
{
  "model": "auth.permission",
  "pk": 123,
  "fields": {
    "name": "Can view Parametro Medico",
    "content_type": 33,
    "codename": "view_medicalparameters"
  }
},
{
  "model": "auth.permission",
  "pk": 124,
  "fields": {
    "name": "Can add Producto",
    "content_type": 37,
    "codename": "add_product"
  }
},
{
  "model": "auth.permission",
  "pk": 125,
  "fields": {
    "name": "Can change Producto",
    "content_type": 37,
    "codename": "change_product"
  }
},
{
  "model": "auth.permission",
  "pk": 126,
  "fields": {
    "name": "Can delete Producto",
    "content_type": 37,
    "codename": "delete_product"
  }
},
{
  "model": "auth.permission",
  "pk": 127,
  "fields": {
    "name": "Can view Producto",
    "content_type": 37,
    "codename": "view_product"
  }
},
{
  "model": "auth.permission",
  "pk": 128,
  "fields": {
    "name": "Can add Proveedor",
    "content_type": 38,
    "codename": "add_provider"
  }
},
{
  "model": "auth.permission",
  "pk": 129,
  "fields": {
    "name": "Can change Proveedor",
    "content_type": 38,
    "codename": "change_provider"
  }
},
{
  "model": "auth.permission",
  "pk": 130,
  "fields": {
    "name": "Can delete Proveedor",
    "content_type": 38,
    "codename": "delete_provider"
  }
},
{
  "model": "auth.permission",
  "pk": 131,
  "fields": {
    "name": "Can view Proveedor",
    "content_type": 38,
    "codename": "view_provider"
  }
},
{
  "model": "auth.permission",
  "pk": 132,
  "fields": {
    "name": "Can view Compras",
    "content_type": 39,
    "codename": "view_purchase"
  }
},
{
  "model": "auth.permission",
  "pk": 133,
  "fields": {
    "name": "Can add Compras",
    "content_type": 39,
    "codename": "add_purchase"
  }
},
{
  "model": "auth.permission",
  "pk": 134,
  "fields": {
    "name": "Can delete Compras",
    "content_type": 39,
    "codename": "delete_purchase"
  }
},
{
  "model": "auth.permission",
  "pk": 135,
  "fields": {
    "name": "Can view Ventas",
    "content_type": 41,
    "codename": "view_sale"
  }
},
{
  "model": "auth.permission",
  "pk": 136,
  "fields": {
    "name": "Can add Ventas",
    "content_type": 41,
    "codename": "add_sale"
  }
},
{
  "model": "auth.permission",
  "pk": 137,
  "fields": {
    "name": "Can delete Ventas",
    "content_type": 41,
    "codename": "delete_sale"
  }
},
{
  "model": "auth.group",
  "pk": 1,
  "fields": {
    "name": "Administrador",
    "permissions": [
      9,
      10,
      11,
      12,
      116,
      117,
      118,
      119,
      120,
      121,
      122,
      123,
      136,
      137,
      135,
      59,
      60,
      61,
      62,
      63,
      64,
      65,
      66,
      67,
      68,
      69,
      70,
      71,
      72,
      73,
      74,
      75,
      76,
      77,
      78,
      79,
      80,
      81,
      82,
      83,
      84,
      85,
      86,
      87,
      88,
      89,
      90,
      91,
      92,
      93,
      94,
      95,
      96,
      97,
      98,
      99,
      100,
      101,
      102,
      103,
      104,
      105,
      106,
      107,
      124,
      125,
      126,
      127,
      128,
      129,
      130,
      131,
      133,
      134,
      132,
      22,
      21,
      25,
      26,
      24,
      31,
      32,
      33,
      34,
      27,
      28,
      29,
      30,
      39,
      40,
      41,
      42,
      43,
      44,
      45,
      46,
      51,
      52,
      53,
      54,
      47,
      48,
      49,
      50,
      55,
      56,
      57,
      58
    ]
  }
},
{
  "model": "auth.group",
  "pk": 2,
  "fields": {
    "name": "Clientes",
    "permissions": []
  }
},
{
  "model": "security.groupmodule",
  "pk": 40,
  "fields": {
    "groups": 2,
    "modules": 12
  }
},
{
  "model": "security.groupmodule",
  "pk": 41,
  "fields": {
    "groups": 2,
    "modules": 13
  }
},
{
  "model": "security.groupmodule",
  "pk": 42,
  "fields": {
    "groups": 2,
    "modules": 18
  }
},
{
  "model": "security.groupmodule",
  "pk": 43,
  "fields": {
    "groups": 2,
    "modules": 40
  }
},
{
  "model": "security.groupmodule",
  "pk": 142,
  "fields": {
    "groups": 1,
    "modules": 1
  }
},
{
  "model": "security.groupmodule",
  "pk": 143,
  "fields": {
    "groups": 1,
    "modules": 2
  }
},
{
  "model": "security.groupmodule",
  "pk": 144,
  "fields": {
    "groups": 1,
    "modules": 3
  }
},
{
  "model": "security.groupmodule",
  "pk": 145,
  "fields": {
    "groups": 1,
    "modules": 4
  }
},
{
  "model": "security.groupmodule",
  "pk": 146,
  "fields": {
    "groups": 1,
    "modules": 5
  }
},
{
  "model": "security.groupmodule",
  "pk": 147,
  "fields": {
    "groups": 1,
    "modules": 6
  }
},
{
  "model": "security.groupmodule",
  "pk": 148,
  "fields": {
    "groups": 1,
    "modules": 7
  }
},
{
  "model": "security.groupmodule",
  "pk": 149,
  "fields": {
    "groups": 1,
    "modules": 8
  }
},
{
  "model": "security.groupmodule",
  "pk": 150,
  "fields": {
    "groups": 1,
    "modules": 9
  }
},
{
  "model": "security.groupmodule",
  "pk": 151,
  "fields": {
    "groups": 1,
    "modules": 10
  }
},
{
  "model": "security.groupmodule",
  "pk": 152,
  "fields": {
    "groups": 1,
    "modules": 11
  }
},
{
  "model": "security.groupmodule",
  "pk": 153,
  "fields": {
    "groups": 1,
    "modules": 14
  }
},
{
  "model": "security.groupmodule",
  "pk": 154,
  "fields": {
    "groups": 1,
    "modules": 15
  }
},
{
  "model": "security.groupmodule",
  "pk": 155,
  "fields": {
    "groups": 1,
    "modules": 16
  }
},
{
  "model": "security.groupmodule",
  "pk": 156,
  "fields": {
    "groups": 1,
    "modules": 17
  }
},
{
  "model": "security.groupmodule",
  "pk": 157,
  "fields": {
    "groups": 1,
    "modules": 19
  }
},
{
  "model": "security.groupmodule",
  "pk": 158,
  "fields": {
    "groups": 1,
    "modules": 20
  }
},
{
  "model": "security.groupmodule",
  "pk": 159,
  "fields": {
    "groups": 1,
    "modules": 21
  }
},
{
  "model": "security.groupmodule",
  "pk": 160,
  "fields": {
    "groups": 1,
    "modules": 22
  }
},
{
  "model": "security.groupmodule",
  "pk": 161,
  "fields": {
    "groups": 1,
    "modules": 23
  }
},
{
  "model": "security.groupmodule",
  "pk": 162,
  "fields": {
    "groups": 1,
    "modules": 24
  }
},
{
  "model": "security.groupmodule",
  "pk": 163,
  "fields": {
    "groups": 1,
    "modules": 25
  }
},
{
  "model": "security.groupmodule",
  "pk": 164,
  "fields": {
    "groups": 1,
    "modules": 26
  }
},
{
  "model": "security.groupmodule",
  "pk": 165,
  "fields": {
    "groups": 1,
    "modules": 27
  }
},
{
  "model": "security.groupmodule",
  "pk": 166,
  "fields": {
    "groups": 1,
    "modules": 28
  }
},
{
  "model": "security.groupmodule",
  "pk": 167,
  "fields": {
    "groups": 1,
    "modules": 29
  }
},
{
  "model": "security.groupmodule",
  "pk": 168,
  "fields": {
    "groups": 1,
    "modules": 30
  }
},
{
  "model": "security.groupmodule",
  "pk": 169,
  "fields": {
    "groups": 1,
    "modules": 31
  }
},
{
  "model": "security.groupmodule",
  "pk": 170,
  "fields": {
    "groups": 1,
    "modules": 32
  }
},
{
  "model": "security.groupmodule",
  "pk": 171,
  "fields": {
    "groups": 1,
    "modules": 33
  }
},
{
  "model": "security.groupmodule",
  "pk": 172,
  "fields": {
    "groups": 1,
    "modules": 34
  }
},
{
  "model": "security.groupmodule",
  "pk": 173,
  "fields": {
    "groups": 1,
    "modules": 41
  }
},
{
  "model": "security.groupmodule",
  "pk": 174,
  "fields": {
    "groups": 1,
    "modules": 42
  }
},
{
  "model": "security.groupmodule",
  "pk": 175,
  "fields": {
    "groups": 1,
    "modules": 43
  }
},
{
  "model": "security.groupmodule",
  "pk": 176,
  "fields": {
    "groups": 1,
    "modules": 44
  }
},
{
  "model": "user.user",
  "pk": 1,
  "fields": {
    "password": "pbkdf2_sha256$180000$xy0tK2r7OipN$1d9C8K1jtKcp2BV4rgptJO3TXOaoB87SNIWtUzsR42A=",
    "last_login": "2020-09-20T00:51:51.993Z",
    "is_superuser": true,
    "first_name": "William D\u00e1vila",
    "last_name": "D\u00e1vila Vargas",
    "email": "davilawilliam93@gmail.com",
    "date_joined": "2020-09-14T13:16:28.529Z",
    "dni": "0928363993",
    "image": "",
    "gender": "masculino",
    "mobile_phone": "0979014552",
    "landline": "2977556",
    "address": null,
    "birthdate": "2020-09-14",
    "parish": null,
    "cv": "",
    "is_change_password": false,
    "token": "dc55804d-120c-4ef7-9687-2602a4c4dd2c",
    "is_active": true,
    "is_staff": true,
    "groups": [
      1
    ],
    "user_permissions": []
  }
},
{
  "model": "user.user",
  "pk": 2,
  "fields": {
    "password": "pbkdf2_sha256$180000$QqR2MK6fyojm$5o7aBMikxC7mvxw9UWgYU3B5zUtvr7Yz6cWN7umPl4U=",
    "last_login": "2020-09-14T16:31:06.780Z",
    "is_superuser": false,
    "first_name": "Kevin Paul",
    "last_name": "Locke Araguillin",
    "email": "kevinpaul@gmail.com",
    "date_joined": "2020-09-14T13:31:04.643Z",
    "dni": "0302660881",
    "image": "",
    "gender": "masculino",
    "mobile_phone": "0979014512",
    "landline": "2977111",
    "address": "Milagro",
    "birthdate": "2020-09-14",
    "parish": 549,
    "cv": "",
    "is_change_password": false,
    "token": "2140a815-bf0b-4766-a4f9-7b1cc8d229b5",
    "is_active": true,
    "is_staff": false,
    "groups": [
      2
    ],
    "user_permissions": []
  }
},
{
  "model": "user.user",
  "pk": 3,
  "fields": {
    "password": "pbkdf2_sha256$180000$58capp2okfZX$ebfm/E/Neu7TyCUzJ02/1fX3O+D8OBzvyLfCXCM/j48=",
    "last_login": null,
    "is_superuser": false,
    "first_name": "aasas asa",
    "last_name": "asa asa",
    "email": "asas@gmail.com",
    "date_joined": "2020-09-20T02:15:19.898Z",
    "dni": "0928363993001",
    "image": "",
    "gender": "masculino",
    "mobile_phone": "0979014551",
    "landline": "27455454",
    "address": "sdsd",
    "birthdate": "2020-09-19",
    "parish": 1365,
    "cv": "",
    "is_change_password": false,
    "token": "11ba3b04-7f3f-4d79-a3fa-61412b6f35d6",
    "is_active": true,
    "is_staff": false,
    "groups": [
      2
    ],
    "user_permissions": []
  }
},
{
  "model": "crm.datemedical",
  "pk": 1,
  "fields": {
    "client": 2,
    "date_joined": "2020-09-14",
    "lastperiod_date": "2020-09-14",
    "hour": "08:45:00",
    "symptoms": "Frio, vomitos.",
    "diagnosis": "sdsd",
    "treatment": "sdsd",
    "status": "finalizado",
    "total": "36.00"
  }
},
{
  "model": "crm.datemedical",
  "pk": 2,
  "fields": {
    "client": 2,
    "date_joined": "2020-09-19",
    "lastperiod_date": "2020-09-27",
    "hour": "20:09:17.323",
    "symptoms": "asas",
    "diagnosis": "asasa",
    "treatment": "asasa",
    "status": "finalizado",
    "total": "28.00"
  }
},
{
  "model": "crm.sale",
  "pk": 1,
  "fields": {
    "client": 3,
    "date_joined": "2020-09-19",
    "subtotal": "36.00",
    "iva": "4.32",
    "total": "40.32"
  }
},
{
  "model": "security.accessusers",
  "pk": 1,
  "fields": {
    "user": 1,
    "date_joined": "2020-09-14T13:18:56.267Z",
    "hour": "08:18:56.267",
    "localhost": "127.0.1.1",
    "hostname": "inplanet004-H87-D3H"
  }
},
{
  "model": "security.accessusers",
  "pk": 2,
  "fields": {
    "user": 2,
    "date_joined": "2020-09-14T13:36:18.424Z",
    "hour": "08:36:18.424",
    "localhost": "127.0.1.1",
    "hostname": "inplanet004-H87-D3H"
  }
},
{
  "model": "security.accessusers",
  "pk": 3,
  "fields": {
    "user": 1,
    "date_joined": "2020-09-14T13:36:45.770Z",
    "hour": "08:36:45.770",
    "localhost": "127.0.1.1",
    "hostname": "inplanet004-H87-D3H"
  }
},
{
  "model": "security.accessusers",
  "pk": 4,
  "fields": {
    "user": 2,
    "date_joined": "2020-09-14T16:22:08.511Z",
    "hour": "11:22:08.511",
    "localhost": "127.0.1.1",
    "hostname": "inplanet004-H87-D3H"
  }
},
{
  "model": "security.accessusers",
  "pk": 5,
  "fields": {
    "user": 1,
    "date_joined": "2020-09-14T16:29:37.468Z",
    "hour": "11:29:37.468",
    "localhost": "127.0.1.1",
    "hostname": "inplanet004-H87-D3H"
  }
},
{
  "model": "security.accessusers",
  "pk": 6,
  "fields": {
    "user": 1,
    "date_joined": "2020-09-14T16:30:22.666Z",
    "hour": "11:30:22.666",
    "localhost": "127.0.1.1",
    "hostname": "inplanet004-H87-D3H"
  }
},
{
  "model": "security.accessusers",
  "pk": 7,
  "fields": {
    "user": 2,
    "date_joined": "2020-09-14T16:31:06.872Z",
    "hour": "11:31:06.872",
    "localhost": "127.0.1.1",
    "hostname": "inplanet004-H87-D3H"
  }
},
{
  "model": "security.accessusers",
  "pk": 8,
  "fields": {
    "user": 1,
    "date_joined": "2020-09-20T00:51:52.080Z",
    "hour": "19:51:52.080",
    "localhost": "192.168.56.1",
    "hostname": "DESKTOP-7VNEDK2"
  }
}
]
